job_name,salary,company,work_addr,work_year,education,company_size,state,welfare,modify_time,
应用软件工程师,10K-18K,江苏德新科智能传感器研究院有限公司,南京,3-5年,本科,20-99人,股份制企业,五险一金/绩效奖金/餐补,2019-04-23 20:49:36,
.net软件工程师,8K-15K,南京传众网络科技有限公司,南京,3-5年,不限,20-99人,民营,五险一金/餐补/交通补助/节日福利/周末双休,2019-04-24 10:59:17,
java开发实习生 双休五险一金,4K-6K,南京华锐软件开发有限公司,南京,不限,大专,100-499人,民营,五险一金/年底双薪/绩效奖金/年终分红/带薪年假,2019-04-24 14:04:06,
java开发工程师,8K-12K,江苏梦立渊软件技术有限公司,南京-玄武区,3-5年,大专,20-99人,民营,节日福利/五险一金/加班补助/带薪年假/餐补,2019-04-24 19:26:04,
java开发工程师,6K-10K,商禾信息科技有限公司,南京-雨花台区,3-5年,本科,100-499人,股份制企业,五险一金/节日福利,2019-04-24 21:51:21,
Java开发工程师,8K-15K,南京海启信息技术有限公司,南京-玄武区,1-3年,本科,20-99人,合资,五险一金/加班补助/餐补/房补/定期体检,2019-04-24 19:03:41,
java开发工程师,7K-9K,南京太亚科技股份有限公司,南京-浦口区,1-3年,本科,100-499人,其它,五险一金/带薪年假/高温补贴/节日福利/周末双休,2019-04-24 19:24:54,
Java开发（驻场开发，介意勿扰）,6K-8K,广州市易杰数码科技有限公司,南京-秦淮区,1-3年,大专,100-499人,合资,五险一金/周末双休/带薪年假/节日福利/定期体检,2019-04-24 19:09:44,
Java web开发工程师,10K-15K,南京科融数据系统股份有限公司,南京-秦淮区,3-5年,本科,100-499人,股份制企业,节日福利/五险一金/年底双薪/带薪年假/定期体检,2019-04-24 15:06:29,
java开发实习生/java工程师/java开发助理,4K-6K,南京网燃网络科技有限公司,南京,不限,大专,100-499人,股份制企业,五险一金/年底双薪/绩效奖金/加班补助/全勤奖,2019-04-24 17:46:01,
Java开发工程师,6K-10K,南京释加软件科技有限公司,南京,不限,本科,20-99人,民营,五险一金/绩效奖金/加班补助/餐补/带薪年假,2019-04-24 19:17:34,
高级java开发工程师,10K-20K,江苏梓如电子商务股份有限公司,南京,1-3年,大专,500-999人,股份制企业,五险一金/全勤奖/每年多次调薪/绩效奖金/带薪年假,2019-04-24 19:15:09,
JAVA开发工程师,8K-10K,淮安智软信息技术有限公司,南京,3-5年,大专,20-99人,民营,每年多次调薪/弹性工作/不加班/定期体检/住房补贴,2019-04-24 00:50:55,
java+python（人工智能方向)开发签约委培,8K-16K,北京百知教育科技有限公司,南京,不限,大专,500-999人,股份制企业,14薪/住房补贴/每年多次调薪/周末双休/五险一金,2019-04-24 19:10:32,
java开发工程师,15K-20K,上海华钦信息科技股份有限公司,南京-浦口区,3-5年,本科,1000-9999人,合资,五险一金/年底双薪/周末双休/试用期全额,2019-04-24 00:52:13,
Java开发工程师,5K-7K,永银文化发展集团有限公司,南京,3-5年,大专,500-999人,民营,,2019-04-24 00:50:19,
java工程师 java开发工程师 java软件工程师 java程序员 WEB开发,8K-10K,南京贞观互联网科技有限公司,南京,1-3年,大专,20-99人,民营,五险一金/绩效奖金/全勤奖/交通补助/餐补,2019-04-24 21:36:04,
Java开发工程师,15K-20K,中电智能技术南京有限公司,南京,3-5年,本科,20-99人,国企,五险一金/交通补助/餐补/通讯补助/带薪年假,2019-04-24 18:03:50,
Java开发工程师,8K-15K,南京语道智能技术有限公司,南京,3-5年,本科,20-99人,民营,绩效奖金,2019-04-24 14:39:44,
电子电气转行软件开发(JAVA、软件测试),3K-6K,南京爬虫信息科技有限公司,南京,不限,大专,500-999人,股份制企业,五险一金/年底双薪/绩效奖金/餐补/弹性工作,2019-04-24 18:04:43,
初级java开发工程师/java实习生,4K-6K,南京易欣博软件技术有限公司,南京-江宁区,不限,大专,100-499人,民营,五险一金/年底双薪/加班补助/全勤奖/弹性工作,2019-04-24 15:05:10,
java开发工程师,8K-16K,合肥维天运通信息科技股份有限公司,南京-雨花台区,3-5年,大专,500-999人,民营,每年多次调薪/五险一金/绩效奖金/带薪年假/节日福利,2019-04-24 14:10:48,
高级java开发工程师,10K-16K,合肥维天运通信息科技股份有限公司,南京-雨花台区,3-5年,大专,500-999人,民营,五险一金/年底双薪/绩效奖金/带薪年假/员工旅游,2019-04-24 14:10:48,
java开发工程师,8K-10K,南京泰通科技股份有限公司,南京,3-5年,大专,100-499人,民营,五险一金/弹性工作/免费班车/节日福利/带薪年假,2019-04-24 15:06:41,
Java开发实习生,4K-6K,苏州云柯数据服务有限公司,南京-雨花台区,不限,大专,100-499人,民营,五险一金/绩效奖金/包住/交通补助/全勤奖,2019-04-24 19:27:49,
java开发工程师,10K-15K,深圳市拓保软件有限公司南京分公司,南京,3-5年,本科,1000-9999人,民营,五险一金/节日福利/员工旅游,2019-04-24 00:51:43,
Java开发工程师实习生（五险一金 双休）,4K-6K,苏州云柯数据服务有限公司,南京-雨花台区,不限,大专,100-499人,民营,五险一金/绩效奖金/包住/交通补助/全勤奖,2019-04-24 19:24:37,
Java开发工程师,8K-12K,南京九洲会计咨询有限公司,南京,3-5年,本科,100-499人,民营,年底双薪/绩效奖金/带薪年假/员工旅游/节日福利,2019-04-24 19:20:21,
java开发工程师,6K-8K,安徽科大国创云网科技有限公司,南京-建邺区,1-3年,大专,1000-9999人,民营,五险一金/绩效奖金/交通补助/餐补/带薪年假,2019-04-24 19:10:34,
java开发工程师,6K-8K,南京所由所以信息科技有限公司,南京,1-3年,大专,20-99人,民营,创业公司/五险/周末双休/绩效奖金/五险一金,2019-04-24 19:11:54,
java开发工程师助理/Java实习生双休五险,4K-6K,南京网燃网络科技有限公司,南京,不限,大专,100-499人,股份制企业,五险一金/年底双薪/绩效奖金/加班补助/全勤奖,2019-04-24 10:40:55,
Java开发实习生 （可留用）,2.4K-3.5K,南京杰谱企业管理咨询有限公司,南京-雨花台区,不限,本科,100-499人,民营,加班补助/全勤奖/周末双休,2019-04-24 14:26:12,
java开发工程师,10K-18K,南京海得睿智企业管理咨询有限公司,南京-建邺区,3-5年,本科,20-99人,民营,周末双休/五险一金/不加班/节日福利/通讯补助,2019-04-24 17:10:33,
项目年终奖Java工程师助理/Java开发可实习,4K-6K,江苏耀东文化传媒有限公司,南京,不限,大专,100-499人,民营,五险一金/年底双薪/绩效奖金/全勤奖/包住,2019-04-24 10:40:24,
JAVA开发工程师,8K-10K,苏州云柯数据服务有限公司,南京-雨花台区,1-3年,本科,100-499人,民营,五险一金/绩效奖金/包住/交通补助/全勤奖,2019-04-24 19:02:22,
java开发工程师,6K-12K,江苏嘉羿科技有限公司,南京,1-3年,本科,20人以下,不限,五险一金/绩效奖金/全勤奖/交通补助/餐补,2019-04-24 19:25:15,
JAVA开发docker方向/1.5年以上/星火路地铁,10K-15K,南京英锐祺科技有限公司,南京,1-3年,大专,20-99人,民营,五险一金/餐补/带薪年假/员工旅游/节日福利,2019-04-24 19:23:09,
中级Java开发工程师,8K-12K,南京无上信息科技有限公司,南京-雨花台区,3-5年,大专,20-99人,民营,五险一金/绩效奖金/餐补/带薪年假,2019-04-24 19:13:24,
java开发工程师初级,6K-10K,上海颉硕信息科技有限公司,南京-玄武区,1-3年,大专,100-499人,民营,周末双休/五险一金/餐补/带薪年假/定期体检,2019-04-24 19:28:13,
java开发工程师,8K-10K,南京欣海互联科技发展有限公司,南京,1-3年,大专,20-99人,民营,五险一金/年底双薪/包吃/周末双休/试用期全额,2019-04-24 19:26:27,
初级java软件开发工程师（双休+年终奖金）,3K-6K,江苏耀东文化传媒有限公司,南京,不限,大专,100-499人,民营,五险一金/年底双薪/绩效奖金/全勤奖/包住,2019-04-24 17:45:36,
Java开发,8K-12K,南京银尔兴投资顾问有限公司,南京-建邺区,1-3年,大专,20-99人,民营,五险一金/节日福利/周末双休/年底双薪,2019-04-24 19:18:21,
五险一金+餐补java开发实习生/java开发,4K-6K,阜宁阜惠科技信息有限公司,南京,不限,大专,20-99人,合资,五险一金/年底双薪/绩效奖金/加班补助/全勤奖,2019-04-24 09:54:30,
java开发工程师,7K-12K,北京思特奇信息技术股份有限公司,南京-鼓楼区,1-3年,本科,1000-9999人,上市公司,五险一金/绩效奖金/加班补助/餐补/交通补助,2019-04-24 19:08:17,
Java开发工程师 后台开发 3年,10K-15K,江苏端木软件技术有限公司,南京,3-5年,本科,100-499人,民营,定期体检/节日福利/五险一金,2019-04-24 10:05:28,
java开发工程师,8K-15K,江苏中堃数据技术有限公司,南京,3-5年,不限,20-99人,股份制企业,五险一金/餐补,2019-04-24 19:02:16,
java开发工程师 餐补房补+双休,4K-6K,才秀集团,南京,不限,中专,1000-9999人,股份制企业,五险一金/全勤奖/包吃/年底双薪/绩效奖金,2019-04-24 09:33:24,
Java开发工程师,7K-12K,南京优泰科技发展有限公司,南京,1-3年,本科,20-99人,民营,交通补助/餐补,2019-04-24 17:50:14,
Java开发工程师,7K-9K,江苏金恒信息科技股份有限公司,南京,3-5年,本科,100-499人,股份制企业,14薪/周末双休/五险一金/绩效奖金/加班补助,2019-04-24 09:46:46,
Java 高级开发工程师-NJ,16K-20K,爱云信息技术(北京)有限公司,南京,5-10年,本科,100-499人,合资,创业公司/五险一金/绩效奖金/股票期权/交通补助,2019-04-24 13:37:54,
Java软件开发实习/接收应届生可培养,3K-5K,南京爬虫信息科技有限公司,南京,不限,大专,500-999人,股份制企业,五险一金/年底双薪/餐补/房补/带薪年假,2019-04-24 09:56:09,
软件开发储备生（java、web）双休五险,4K-6K,南京网燃网络科技有限公司,南京,不限,大专,100-499人,股份制企业,五险一金/年底双薪/绩效奖金/全勤奖/带薪年假,2019-04-24 17:47:07,
java开发,9K-12K,江苏金恒信息科技股份有限公司,南京,3-5年,本科,100-499人,股份制企业,14薪/周末双休/五险一金/绩效奖金/加班补助,2019-04-24 09:44:43,
JAVA开发工程师,15K-20K,南京东启信息科技有限公司,南京,3-5年,大专,20-99人,民营,五险一金/定期体检/员工旅游,2019-04-24 19:27:14,
Java开发工程师,10K-15K,杭州信雅达风险管理信息技术有限公司,南京-建邺区,3-5年,大专,100-499人,上市公司,交通补助/餐补/节日福利/定期体检/五险一金,2019-04-24 19:18:14,
java中级开发工程师,5K-10K,南京笃行计算机科技有限公司,南京-雨花台区,1-3年,本科,20-99人,民营,五险一金/绩效奖金/节日福利/全勤奖,2019-04-24 20:47:42,
Java开发工程师（南京）,8K-12K,南京和瑞供应链管理有限公司,南京,3-5年,本科,100-499人,民营,节日福利/五险一金/带薪年假/定期体检/员工旅游,2019-04-24 16:46:00,
高级JAVA开发工程师,12K-16K,江苏泊朗智能科技有限公司,南京-雨花台区,5-10年,本科,100-499人,民营,五险一金/绩效奖金/年终分红/交通补助/创业公司,2019-04-24 09:44:35,
java开发工程师,8K-15K,江苏高速公路信息工程有限公司,南京,3-5年,本科,100-499人,国企,五险一金/餐补/通讯补助/交通补助/补充医疗保险,2019-04-24 11:32:27,
Java开发实习生,4K-6K,南京易欣博软件技术有限公司,南京-雨花台区,无经验,大专,100-499人,民营,五险一金/年底双薪/加班补助/全勤奖/弹性工作,2019-04-24 10:00:41,
java开发工程师,8K-16K,南京嵩讯科技开发有限公司,南京,3-5年,本科,20-99人,民营,五险一金/年底双薪/带薪年假/节日福利,2019-04-24 09:10:31,
Java开发工程师,6K-12K,南京水动力信息科技有限公司,南京,3-5年,本科,20-99人,民营,五险一金/绩效奖金/餐补/带薪年假/节日福利,2019-04-24 19:08:18,
诚聘 Java开发实习生——双休，五险一金,4K-6K,中兴软件技术(济南)有限公司南京分公司,南京,不限,大专,1000-9999人,合资,五险一金/交通补助/餐补/房补/通讯补助,2019-04-24 10:27:18,
中高Java开发工程师（南京）(001204),15K-25K,启迪国信科技有限公司,南京-雨花台区,3-5年,本科,100-499人,民营,,2019-04-24 10:53:12,
JAVA开发工程师,10K-12K,江苏泊朗智能科技有限公司,南京-雨花台区,3-5年,本科,100-499人,民营,五险一金/绩效奖金/年终分红/交通补助/创业公司,2019-04-24 09:44:36,
Java开发工程师,6K-12K,南师大科技园栖霞管理(南京)有限公司,南京,1-3年,本科,20人以下,民营,五险一金/提供宿舍/周末双休/年底十三薪/房补,2019-04-24 09:17:01,
Java高级开发工程师,10K-15K,南京笃行计算机科技有限公司,南京-雨花台区,3-5年,本科,20-99人,民营,五险一金/绩效奖金/节日福利,2019-04-24 20:45:21,
java开发工程师,薪资面议,中软国际科技服务有限公司深圳分公司,南京,3-5年,本科,10000人以上,上市公司,每年多次调薪/周末双休/五险一金/绩效奖金/带薪年假,2019-04-24 11:26:48,
java开发工程师,8K-13K,北京宇信科技集团股份有限公司,南京-建邺区,1-3年,本科,1000-9999人,民营,五险一金/绩效奖金/餐补/通讯补助/带薪年假,2019-04-22 10:27:19,
高级Java开发工程师,10K-20K,南京甄视智能科技有限公司,南京,3-5年,本科,100-499人,民营,五险一金/绩效奖金/年终分红/加班补助/交通补助,2019-04-24 09:20:45,
JAVA+AI开发实习生,8K-16K,中青才智教育投资(北京)有限公司,南京,不限,大专,500-999人,国企,五险一金/年底双薪/加班补助/全勤奖/包住,2019-04-24 09:49:10,
Java开发工程师,10K-15K,南京贝若偲生物科技有限公司,南京,不限,本科,20-99人,民营,周末双休/五险一金/带薪年假/节日福利/年终分红,2019-04-24 09:29:53,
JAVA开发工程师,10K-15K,南京世赢乾网络科技有限公司,南京,3-5年,本科,20-99人,民营,五险一金/绩效奖金/全勤奖/交通补助/餐补,2019-04-24 09:51:28,
Java开发工程师,6K-10K,赞同科技股份有限公司,南京,1-3年,本科,1000-9999人,民营,五险一金/餐补/通讯补助,2019-04-24 16:07:32,
高级java开发工程师,15K-20K,思源电气股份有限公司,南京,5-10年,本科,1000-9999人,股份制企业,五险一金/年底双薪/绩效奖金/带薪年假/定期体检,2019-04-24 10:17:24,
Java开发方向程序员（实习生/应届生）,4K-6K,南京德俊仁广告有限公司,南京,不限,大专,100-499人,民营,五险一金/周末双休/员工旅游/高温补贴/节日福利,2019-04-24 10:11:26,
Java高级开发工程师,12K-18K,南京弈米互动网络科技有限公司,南京-玄武区,5-10年,大专,20-99人,民营,,2019-04-24 19:28:34,
java开发工程师,10K-15K,南京市宁远职业培训学校,南京-玄武区,不限,大专,不限,其它,节日福利/五险一金/通讯补助/加班补助/餐补,2019-04-24 19:28:55,
IT企业直聘java开发/助理,4K-6K,才秀集团,南京,不限,中专,1000-9999人,股份制企业,五险一金/全勤奖/包吃/年底双薪/绩效奖金,2019-04-24 09:29:00,
国企直招Java开发实习生/java开发助理,4K-6K,中兴软件技术(济南)有限公司南京分公司,南京,不限,不限,1000-9999人,合资,五险一金/交通补助/餐补/通讯补助/节日福利,2019-04-24 10:27:18,
国企直招Java开发工程师 高薪稳定,5K-8K,中兴软件技术(济南)有限公司南京分公司,南京,不限,大专,1000-9999人,合资,五险一金/年底双薪/交通补助/餐补/通讯补助,2019-04-24 10:27:18,
诚聘 Java开发实习生——双休,4K-6K,中兴软件技术(济南)有限公司南京分公司,南京,不限,大专,1000-9999人,合资,五险一金/年底双薪/交通补助/餐补/通讯补助,2019-04-24 10:27:18,
Java开发工程师,9K-15K,南京圣唯思科技有限公司,南京,3-5年,本科,20-99人,民营,五险一金/带薪年假/节日福利/周末双休/定期体检,2019-04-24 16:00:43,
对日软件开发JAVA/.NET/COBOL/Angular,6K-10K,江苏海隆软件技术有限公司,南京,3-5年,本科,1000-9999人,上市公司,五险一金/绩效奖金/交通补助/餐补/带薪年假,2019-04-24 19:18:20,
java开发工程师,8K-16K,南京速塔智能科技有限公司,南京,1-3年,本科,20-99人,民营,五险一金/餐补/交通补助/周末双休/带薪年假,2019-04-24 19:17:45,
java高级开发工程师,15K-20K,南京秒品物联网科技有限公司,南京,3-5年,本科,20人以下,民营,弹性工作/绩效奖金,2019-04-24 18:26:12,
Java开发实习生/java开发助理/java程序员,4K-6K,中兴软件技术(济南)有限公司南京分公司,南京,不限,大专,1000-9999人,合资,五险一金/年底双薪/交通补助/餐补/通讯补助,2019-04-24 10:27:18,
java开发工程师,6K-8K,江苏梦立渊软件技术有限公司,南京,1-3年,不限,20-99人,民营,带薪年假/节日福利/五险一金/加班补助,2019-04-24 19:10:26,
Java开发工程师,10K-15K,新智认知数据服务有限公司,南京-雨花台区,1-3年,本科,1000-9999人,上市公司,五险一金/餐补/通讯补助/带薪年假/节日福利,2019-04-24 17:44:02,
Java 开发,6K-8K,江苏梦立渊软件技术有限公司,南京,1-3年,大专,20-99人,民营,,2019-04-24 19:04:50,
JAVA开发工程师,6K-8K,扬州明辰信息科技有限公司,南京,3-5年,本科,20-99人,民营,通讯补助/交通补助/餐补/员工旅游/绩效奖金,2019-04-24 13:10:37,
java+大数据开发实习助理（住宿+五险）,6K-8K,才秀集团,南京,不限,中专,1000-9999人,股份制企业,五险一金/全勤奖/包吃/年底双薪/绩效奖金,2019-04-24 10:29:24,
java开发工程师,5K-10K,南京泰瑞信息技术有限公司,南京,3-5年,本科,100-499人,民营,五险一金,2019-04-24 09:13:03,
Java开发工程师-南京,薪资面议,中软国际科技服务有限公司深圳分公司,南京-玄武区,3-5年,大专,10000人以上,上市公司,节日福利/五险一金/带薪年假/定期体检/周末双休,2019-04-22 16:08:00,
java开发工程师,8K-12K,南京宝玮科技有限公司,南京-玄武区,1-3年,不限,100-499人,民营,五险一金/年底双薪/绩效奖金/加班补助/带薪年假,2019-04-24 10:11:01,
java高级开发工程师,15K-25K,南京橙红科技股份有限公司,南京,5-10年,本科,20-99人,股份制企业,五险一金/周末双休/餐补/员工旅游/定期体检,2019-04-24 14:28:22,
中级java开发,薪资面议,中软国际科技服务有限公司深圳分公司,南京-建邺区,3-5年,大专,10000人以上,上市公司,五险一金/定期体检/弹性工作/节日福利,2019-04-22 10:06:59,
高级java开发工程师,15K-30K,中科三清科技有限公司,南京,不限,本科,100-499人,国企,五险一金/绩效奖金/餐补/带薪年假/补充医疗保险,2019-04-24 10:23:15,
java开发工程师,8K-15K,江苏滚滚向前科技有限公司,南京-建邺区,3-5年,本科,500-999人,民营,周末双休/五险一金/年底双薪/股票期权/餐补,2019-04-24 08:49:56,
Java开发工程师（中国制造网）,9K-16K,焦点科技股份有限公司,南京,1-3年,本科,1000-9999人,上市公司,节日福利/五险一金/绩效奖金/包吃/带薪年假,2019-04-23 09:34:00,
JAVA / Pytho开发工程师（中级开发工程师）,10K-14K,安擎(天津)计算机有限公司,南京-雨花台区,1-3年,大专,100-499人,民营,餐补/节日福利/周末双休/带薪年假/五险一金,2019-04-24 09:13:18,
Java开发工程师实习生,7.5K-15K,北京百知教育科技有限公司,南京,不限,大专,500-999人,股份制企业,14薪/住房补贴/每年多次调薪/周末双休/五险一金,2019-04-24 10:51:25,
java高级开发工程师,15K-20K,众能联合数字技术有限公司,南京-雨花台区,3-5年,本科,100-499人,民营,五险一金/带薪年假/餐补/节日福利/创业公司,2019-04-23 10:31:04,
JAVA开发工程师,10K-20K,南京星邺汇捷网络科技有限公司,南京,3-5年,本科,100-499人,民营,五险一金/通讯补助/带薪年假/补充医疗保险/定期体检,2019-04-24 09:17:50,
java开发程师(外派三山街),8K-12K,南京宁普信息技术有限公司,南京-秦淮区,1-3年,大专,20-99人,民营,五险一金/绩效奖金/加班补助/交通补助/餐补,2019-04-24 11:47:50,
高级java开发工程师,8K-15K,江苏滚滚向前科技有限公司,南京,5-10年,本科,500-999人,民营,每年多次调薪/周末双休/五险一金/年底双薪/股票期权,2019-04-24 08:49:56,
软件开发中级工程师（JAVA）,6K-12K,福建新大陆软件工程有限公司,南京,3-5年,本科,1000-9999人,民营,节日福利/五险一金/年底双薪/绩效奖金/通讯补助,2019-04-24 13:49:46,
Java开发工程师（2020届实习）,2K-4K,焦点科技股份有限公司,南京,无经验,本科,1000-9999人,上市公司,包吃/包住/免费班车,2019-04-23 09:35:58,
java开发/ETL开发工程师-南京,11K-20K,北京宇信科技集团股份有限公司,南京,1-3年,本科,1000-9999人,民营,五险一金/餐补/通讯补助/带薪年假/补充医疗保险,2019-04-22 10:27:31,
java开发初级工程师,7K-14K,中青才智教育投资(北京)有限公司,南京,不限,大专,500-999人,国企,五险一金/年底双薪/加班补助/全勤奖/房补,2019-04-24 10:09:49,
Java研发工程师（企业代招，金融方向）,6K-8K,南京翼职盟教育科技有限公司,南京,1-3年,本科,20人以下,民营,,2019-04-24 09:21:14,
android安卓开发,10K-15K,辽宁瑞华实业集团高新科技有限公司北京分公司,南京,3-5年,本科,100-499人,股份制企业,五险一金/绩效奖金/交通补助/餐补/通讯补助,2019-04-24 13:21:05,
安卓开发工程师,10K-15K,众能联合数字技术有限公司,南京-雨花台区,3-5年,本科,100-499人,民营,五险一金/带薪年假/餐补/节日福利/创业公司,2019-04-23 10:31:04,
java工程师,7K-11K,南京橙红科技股份有限公司,南京,1-3年,本科,20-99人,股份制企业,五险一金/周末双休/餐补/员工旅游/定期体检,2019-04-24 14:28:22,
java高级研发工程师,10K-20K,南京耐威特瑞科技有限公司,南京,1-3年,大专,20-99人,民营,周末双休/绩效奖金/节日福利,2019-04-24 14:32:58,
开发工程师,4.5K-8K,江苏豪之诺软件科技有限公司上海分公司,南京,不限,大专,500-999人,民营,周末双休/五险一金/年底双薪/加班补助/节日福利,2019-04-24 14:02:54,
java实习生,4K-6K,南京正达软件技术有限公司,南京,无经验,大专,20-99人,不限,五险一金/年底双薪/交通补助/餐补/通讯补助,2019-04-24 12:27:37,
软件开发工程师,5K-10K,南京罗金科技有限公司,南京,不限,大专,20-99人,民营,五险一金/年底双薪/加班补助/餐补/员工旅游,2019-04-24 11:03:22,
游戏服务器开发助理,6K-8K,才秀集团,南京,不限,中专,1000-9999人,股份制企业,五险一金/年底双薪/包吃/包住/交通补助,2019-04-24 10:14:34,
中高级java软件工程师,9K-16K,北京卡洛其咨询有限公司,南京,3-5年,本科,1000-9999人,股份制企业,五险一金/绩效奖金/包住/交通补助/餐补,2019-04-24 12:34:18,
JAVA实训生助理/周末双休,4K-6K,南京冉之恒信息咨询有限公司,南京,不限,大专,20-99人,民营,周末双休/五险一金/年底双薪/带薪年假/节日福利,2019-04-24 12:58:39,
.net开发工程师（子公司）,4K-8K,南京亿科人群健康研究院有限公司,南京,不限,本科,20-99人,民营,,2019-04-24 09:56:40,
计算机编程助理JAVA,6K-8K,苏州达内信息科技有限公司,南京,不限,中专,1000-9999人,上市公司,五险一金/年底双薪/绩效奖金/全勤奖/带薪年假,2019-04-24 08:42:34,
前端开发工程师,10K-15K,江苏苏源高科技有限公司,南京-秦淮区,3-5年,大专,100-499人,民营,五险一金/带薪年假/定期体检/节日福利,2019-04-24 13:43:54,
（实习生+理工科优先）.NET开发,4K-6K,才秀人人南京分公司,南京,不限,大专,1000-9999人,民营,,2019-04-24 09:39:34,
Android开发工程师(外包),8K-12K,南京宁普信息技术有限公司,南京-雨花台区,1-3年,大专,20-99人,民营,节日福利/五险一金/绩效奖金/加班补助/交通补助,2019-04-23 09:54:19,
Java中级工程师,10K-20K,常宁数据产业(常州)有限公司,南京-玄武区,3-5年,本科,100-499人,合资,创业公司/五险一金/绩效奖金/交通补助/通讯补助,2019-04-24 09:27:01,
Java应届毕业生,4K-6K,常宁数据产业(常州)有限公司,南京-玄武区,不限,本科,100-499人,合资,创业公司/五险一金/绩效奖金/交通补助/通讯补助,2019-04-24 09:27:01,
Web工程师/参数开发工程师/产品实施顾问,4.5K-8K,南京嘉腾维新软件有限公司,南京,不限,本科,100-499人,外商独资,五险一金/年底双薪/交通补助/餐补/带薪年假,2019-04-24 10:02:22,
java程序员,10K-15K,江苏泊朗智能科技有限公司,南京-雨花台区,3-5年,大专,100-499人,民营,五险一金/包吃/加班补助/节日福利/交通补助,2019-04-24 09:44:37,
5K急聘Java开发实习,6K-8K,南京达内为上信息技术有限公司,南京,不限,中专,1000-9999人,上市公司,五险一金/年底双薪/年终分红/加班补助/餐补,2019-04-24 22:17:43,
JAVA开发五险一金双休,4K-6K,南京达内为上信息技术有限公司,南京,不限,大专,1000-9999人,上市公司,住房补贴/五险一金/交通补助/餐补/加班补助,2019-04-24 08:51:36,
初级Java开发/双休,4K-6K,南京达内为上信息技术有限公司,南京,不限,中专,1000-9999人,外商独资,五险一金/年底双薪/绩效奖金/交通补助/带薪年假,2019-04-24 10:56:53,
初级JAVA开发助理+双休+五险一金,4K-6K,南京达内为上信息技术有限公司,南京,不限,中专,1000-9999人,上市公司,五险一金/年底双薪/交通补助/餐补/带薪年假,2019-04-24 17:05:01,
Java开发方向程序员（实习生/助理）,4K-6K,南京达内为上信息技术有限公司,南京,不限,中专,1000-9999人,外商独资,五险一金/年底双薪/绩效奖金/全勤奖/包吃,2019-04-24 10:34:01,
5K急聘Java开发,4K-6K,南京达内为上信息技术有限公司,南京,不限,中专,1000-9999人,上市公司,五险一金/年底双薪/绩效奖金/加班补助/餐补,2019-04-24 21:36:38,
初级Java开发/双休,4K-6K,南京达内为上信息技术有限公司,南京,不限,大专,1000-9999人,上市公司,五险一金/年底双薪/绩效奖金/餐补/房补,2019-04-24 21:42:06,
急聘Java开发,4K-6K,南京达内为上信息技术有限公司,南京,不限,中专,1000-9999人,外商独资,五险一金/年底双薪/绩效奖金/全勤奖/包吃,2019-04-24 10:34:01,
高薪诚聘java开发,4K-6K,南京达内为上信息技术有限公司,南京,不限,中专,1000-9999人,上市公司,五险一金/年底双薪/绩效奖金/加班补助/餐补,2019-04-24 22:18:25,
Java开发方向程序员,4K-6K,南京达内为上信息技术有限公司,南京,不限,中专,1000-9999人,上市公司,五险一金/年底双薪/绩效奖金/加班补助/全勤奖,2019-04-24 17:05:51,
Java开发工程师/助理可实习培养储备人才,3K-6K,阜宁阜惠科技信息有限公司,南京,不限,大专,20-99人,合资,14薪/五险一金/绩效奖金/年终分红/全勤奖,2019-04-23 10:09:56,
急聘java开发实习生（待遇好，有人带）,3.5K-5.5K,南京华锐软件开发有限公司,南京,不限,大专,100-499人,民营,五险一金/年底双薪/绩效奖金/年终分红/带薪年假,2019-04-20 11:13:27,
初级Java开发程序员/Java开发助理接收,4K-6K,阜宁阜惠科技信息有限公司,南京,不限,大专,20-99人,合资,五险一金/年底双薪/绩效奖金/加班补助/全勤奖,2019-04-21 17:21:02,
JAVA开发工程师,9K-15K,南京联成科技发展股份有限公司,南京-浦口区,3-5年,本科,100-499人,民营,节日福利/五险一金/绩效奖金/餐补/通讯补助,2019-04-24 08:59:50,
java开发工程师,10K-16K,南京科融数据系统股份有限公司,南京,3-5年,本科,100-499人,股份制企业,五险一金/绩效奖金/定期体检/节日福利,2019-04-22 19:13:49,
移动定位系统Java开发助理,3.5K-5K,南京德俊仁广告有限公司,南京,不限,大专,100-499人,民营,五险一金/周末双休/员工旅游/高温补贴/节日福利,2019-04-22 10:25:00,
南京港口JAVA开发,薪资面议,中软国际科技服务有限公司深圳分公司,南京-建邺区,1-3年,本科,10000人以上,上市公司,五险一金/带薪年假/定期体检/节日福利/周末双休,2019-04-24 10:18:33,
Java开发工程师,5K-10K,江苏润和软件股份有限公司,南京-江宁区,1-3年,本科,1000-9999人,民营,餐补/五险一金/定期体检,2019-04-23 14:10:11,
java开发工程师（2019届校招）,6K-8K,焦点科技股份有限公司,南京,无经验,本科,1000-9999人,上市公司,包吃/包住/免费班车/不加班,2019-04-23 09:34:02,
2019届可实习-java开发工程师,3K-6K,阜宁阜惠科技信息有限公司,南京,不限,大专,20-99人,合资,14薪/五险一金/绩效奖金/年终分红/全勤奖,2019-04-23 18:04:32,
java开发工程师,8K-12K,江苏润和软件股份有限公司,南京-江宁区,1-3年,本科,1000-9999人,民营,餐补/五险一金/定期体检,2019-04-23 14:10:11,
自然语言处理java开发工程师,15K-20K,源讯信息技术(中国)有限公司,南京,5-10年,本科,500-999人,外商独资,五险一金/通讯补助/带薪年假/补充医疗保险/定期体检,2019-04-23 10:09:49,
年底15薪/Java开发工程师实习生,3K-6K,江苏耀东文化传媒有限公司,南京,不限,大专,100-499人,民营,五险一金/年底双薪/绩效奖金/年终分红/全勤奖,2019-04-21 17:34:42,
Java开发工程师,4K-6K,南京达内为上信息技术有限公司,南京,不限,中专,1000-9999人,上市公司,住房补贴/五险一金/年底双薪/绩效奖金/加班补助,2019-04-24 09:03:47,
java开发工程师,10K-15K,江苏润和软件股份有限公司,南京-江宁区,1-3年,本科,1000-9999人,民营,餐补/五险一金/定期体检,2019-04-23 14:10:23,
JAVA+python智能开发实习生,8K-16K,中青才智教育投资(北京)有限公司,南京,不限,大专,500-999人,国企,五险一金/年底双薪/加班补助/全勤奖/房补,2019-04-24 10:06:46,
高级java开发工程师,10K-20K,中智尚联(北京)科技有限公司,南京-栖霞区,5-10年,本科,20-99人,民营,五险一金/餐补/通讯补助/带薪年假/定期体检,2019-04-24 07:24:45,
java开发（高级）,10K-15K,科大国创软件股份有限公司江苏分公司,南京-江宁区,3-5年,大专,1000-9999人,上市公司,五险一金/带薪年假/定期体检/节日福利/餐补,2019-04-24 16:45:35,
java开发工程师,8K-15K,南京两岸生花文化传播有限公司,南京,1-3年,大专,100-499人,民营,五险一金/绩效奖金/年底双薪/交通补助/餐补,2019-04-21 11:40:08,
java开发高级讲师,6K-12K,南京雷镀职业培训学校,南京-秦淮区,1-3年,本科,20-99人,民营,五险一金/绩效奖金/交通补助/餐补/带薪年假,2019-04-22 08:38:37,
java/web开发程序员/实习生双休,4K-6K,南京网燃网络科技有限公司,南京,不限,大专,100-499人,股份制企业,五险一金/年底双薪/绩效奖金/全勤奖/带薪年假,2019-04-24 17:58:26,
双休）java大数据开发/安卓/IOS开发助理,3K-6K,南京网燃网络科技有限公司,南京-秦淮区,不限,大专,100-499人,股份制企业,五险一金/年底双薪/绩效奖金/餐补/带薪年假,2019-04-22 13:47:41,
java开发工程师,15K-20K,南京中冠智能科技有限公司,南京,3-5年,本科,100-499人,民营,五险一金/带薪年假/补充医疗保险/绩效奖金,2019-04-22 16:14:19,
资深Java开发工程师,16K-28K,舟谱数据技术南京有限公司,南京,3-5年,本科,100-499人,民营,五险一金/绩效奖金/股票期权/弹性工作/员工旅游,2019-04-23 10:28:33,
项目经理（高级JAVA开发）,10K-15K,南京壹佳壹网络科技有限公司,南京,3-5年,大专,100-499人,民营,五险一金/全勤奖/员工旅游/节日福利,2019-04-23 10:23:21,
中高级java开发工程师,9K-12K,南京绿和信息技术有限公司,南京-雨花台区,3-5年,大专,20-99人,民营,五险一金/年底双薪/绩效奖金/加班补助/交通补助,2019-04-22 19:04:22,
java开发工程师,8K-15K,中智尚联(北京)科技有限公司,南京-栖霞区,3-5年,本科,20-99人,民营,五险一金/餐补/通讯补助/带薪年假/定期体检,2019-04-24 07:02:46,
java中级开发工程师,10K-15K,江苏倍速世纪智能化技术有限公司,南京,3-5年,本科,20-99人,民营,五险一金/绩效奖金/带薪年假,2019-04-24 08:28:50,
java开发工程师,10K-15K,上海伯俊软件科技有限公司,南京-雨花台区,3-5年,本科,100-499人,民营,周末双休/五险一金/餐补/节日福利,2019-04-22 09:36:27,
Java开发（熟练存储过程）,8K-12K,科大国创软件股份有限公司江苏分公司,南京-江宁区,3-5年,大专,1000-9999人,上市公司,五险一金/餐补/带薪年假/弹性工作/定期体检,2019-04-24 16:45:35,
Java开发工程师,10K-20K,江苏润和软件股份有限公司,南京-雨花台区,3-5年,大专,1000-9999人,民营,周末双休/五险一金/节日福利/餐补/定期体检,2019-04-23 14:09:55,
JAVA开发工程师,7K-12K,上海伯俊软件科技有限公司,南京,1-3年,本科,100-499人,民营,员工旅游/节日福利/带薪年假/餐补/五险一金,2019-04-22 09:36:48,
java开发工程师,15K-20K,大连斯锐信息技术有限公司,南京,5-10年,本科,1000-9999人,股份制企业,节日福利/五险一金/带薪年假/补充医疗保险/定期体检,2019-04-23 18:09:09,
java开发工程师,8K-12K,锦创科技股份有限公司,南京,3-5年,本科,1000-9999人,股份制企业,绩效奖金/五险一金/带薪年假/全勤奖/每年多次调薪,2019-04-23 08:51:15,
Java软件开发助理/欢迎应届生投递,3K-5K,阜宁阜惠科技信息有限公司,南京,不限,大专,20-99人,合资,14薪/五险一金/年底双薪/绩效奖金/年终分红,2019-04-21 10:03:17,
中级JAVA开发工程师出差、有差补,10K-20K,深圳市长亮科技股份有限公司,南京,3-5年,本科,1000-9999人,上市公司,节日福利/五险一金/年底双薪/绩效奖金/餐补,2019-04-22 14:01:37,
java开发（招收2019应届）,6K-8K,中储南京智慧物流科技有限公司,南京,无经验,本科,500-999人,国企,五险一金/绩效奖金/餐补/带薪年假/定期体检,2019-04-22 08:51:46,
Java高级开发工程师,10K-15K,安徽省通信产业服务有限公司,南京,3-5年,本科,10000人以上,国企,五险一金/绩效奖金/餐补/采暖补贴/带薪年假,2019-04-22 10:02:20,
java开发工程师,8K-10K,北京银丰新融科技开发有限公司,南京-玄武区,1-3年,本科,100-499人,外商独资,五险一金/绩效奖金/餐补/通讯补助/带薪年假,2019-04-23 10:44:54,
Java中级开发工程师,6K-12K,安徽省通信产业服务有限公司,南京,1-3年,本科,10000人以上,国企,五险一金/绩效奖金/餐补/采暖补贴/带薪年假,2019-04-22 10:02:20,
应届生可实习）JAVA开发工程师助理,4K-6K,南京网燃网络科技有限公司,南京,不限,大专,100-499人,股份制企业,五险一金/年底双薪/绩效奖金/全勤奖/弹性工作,2019-04-22 13:47:40,
JAVA中级开发工程师,8K-16K,亿嘉和科技股份有限公司,南京,不限,本科,100-499人,民营,五险一金/年底双薪/包吃/餐补/通讯补助,2019-04-23 16:00:00,
java软件开发实习生,3.5K-5K,南京华信智原教育科技有限公司,南京,不限,不限,100-499人,民营,年底双薪/绩效奖金/加班补助/全勤奖/五险一金,2019-04-20 10:59:16,
JAVA开发工程师-电商产品事业部（江苏）,6K-10K,湖南创发科技有限责任公司,南京-建邺区,1-3年,本科,100-499人,国企,五险一金/加班补助/餐补/通讯补助/带薪年假,2019-04-22 10:55:42,
java开发工程师,15K-20K,上海正诺信息科技有限公司,南京-玄武区,3-5年,本科,20-99人,其它,五险一金/周末双休/节日福利/带薪年假,2019-04-23 19:04:36,
理工科助理（软件开发/java/web/实施运维）,3K-5K,阜宁阜惠科技信息有限公司,南京,不限,大专,20-99人,合资,节日福利/14薪/五险一金/绩效奖金/年终分红,2019-04-23 10:10:05,
Java开发工程师（南京）,8K-15K,数据堂(北京)科技股份有限公司,南京-雨花台区,不限,本科,100-499人,股份制企业,周末双休/五险一金/带薪年假/弹性工作,2019-04-23 17:22:13,
java开发工程师,6K-10K,龙湾科技(北京)有限公司,南京-浦口区,3-5年,本科,20人以下,民营,周末双休/五险一金/带薪年假/节日福利,2019-04-22 09:43:32,
java开发工程师,8K-12K,北京兰亭数字科技有限公司,南京,3-5年,本科,20-99人,股份制企业,周末双休/绩效奖金/节日福利/员工旅游/定期体检,2019-04-22 11:11:51,
高级java开发工程师,12K-18K,大连斯锐信息技术有限公司,南京-浦口区,3-5年,本科,1000-9999人,股份制企业,五险一金/补充医疗保险/节日福利/带薪年假/周末双休,2019-04-23 18:10:30,
Java开发工程师助理/接受无经验,3K-5K,阜宁阜惠科技信息有限公司,南京,不限,大专,20-99人,合资,14薪/五险一金/年底双薪/绩效奖金/年终分红,2019-04-23 10:10:28,
java开发工程师,9K-15K,江苏润和软件股份有限公司,南京,1-3年,大专,1000-9999人,民营,餐补/五险一金/定期体检,2019-04-23 14:10:10,
Java开发中级工程师-南京职位,10K-20K,爱心人寿保险股份有限公司,南京-雨花台区,3-5年,硕士,1000-9999人,股份制企业,五险一金/年底双薪/周末双休/绩效奖金/包吃,2019-04-23 10:44:01,
java开发工程师,9K-18K,深圳市德科数据科技有限公司,南京,1-3年,本科,500-999人,民营,绩效奖金/五险一金/节日福利/员工旅游/带薪年假,2019-04-23 18:40:33,
Java开发工程师,薪资面议,苏州科技城,南京-鼓楼区,3-5年,本科,100-499人,其它,五险一金/绩效奖金/年底双薪/节日福利/带薪年假,2019-04-23 10:31:40,
java开发工程师,6K-12K,亚信科技(中国)有限公司,南京-雨花台区,1-3年,本科,10000人以上,民营,,2019-04-23 15:30:03,
初级Java数据库开发工程师助理餐补/双休,3K-6K,软世通信息科技集团有限公司,南京,不限,大专,100-499人,股份制企业,周末双休/五险一金/年底双薪/绩效奖金/加班补助,2019-04-22 16:20:14,
无经验java开发工程师(助理岗位）,4K-6K,南京华信智原教育科技有限公司,南京,不限,大专,100-499人,民营,五险一金/年底双薪/绩效奖金/包吃/包住,2019-04-23 10:21:35,
Java开发工程师,8K-10K,好享购物股份有限公司,南京,1-3年,大专,1000-9999人,国企,,2019-04-23 16:48:56,
java技术专员/开发/测试实习生,2K-4K,才秀人人南京分公司,南京,不限,大专,1000-9999人,民营,,2019-04-24 10:58:32,
JAVA开发工程师,4K-8K,江苏新纪元信息发展有限公司,南京,1-3年,本科,100-499人,民营,五险一金/加班补助/餐补/带薪年假/定期体检,2019-04-24 09:06:02,
Java开发工程师（研发中心 架构方向）,10K-20K,焦点科技股份有限公司,南京,3-5年,本科,1000-9999人,上市公司,节日福利/五险一金/绩效奖金/包吃/带薪年假,2019-04-23 09:33:59,
java研发工程师（云平台中间件开发）,15K-20K,南京橙红科技股份有限公司,南京,1-3年,本科,20-99人,股份制企业,五险一金/餐补/带薪年假/定期体检,2019-04-24 14:28:22,
Java开发工程师,薪资面议,东华软件股份公司,南京,1-3年,不限,1000-9999人,上市公司,,2019-04-24 08:24:09,
java服务器开发工程师,10K-15K,诚迈科技(南京)股份有限公司,南京,3-5年,大专,1000-9999人,外商独资,五险一金/绩效奖金/股票期权/餐补/加班补助,2019-04-22 11:43:03,
核心系统JAVA开发工程师-中级,7K-14K,爱心人寿保险股份有限公司,南京-雨花台区,1-3年,本科,1000-9999人,股份制企业,五险一金/年底双薪/周末双休/绩效奖金/包吃,2019-04-23 10:44:01,
Java开发,6K-12K,南京高泰科技有限公司,南京-鼓楼区,1-3年,本科,20-99人,民营,五险一金/餐补/交通补助/通讯补助/带薪年假,2019-04-22 10:44:20,
java初级开发程序员,3K-5K,南京爬虫信息科技有限公司,南京,不限,大专,500-999人,股份制企业,住房补贴/周末双休/五险一金/年底双薪/餐补,2019-04-23 10:06:01,
JAVA软件开发实习生,4K-6K,南京达内为上信息技术有限公司,南京,不限,大专,1000-9999人,上市公司,住房补贴/五险一金/交通补助/餐补/加班补助,2019-04-24 11:04:56,
java开发（南京鼓楼区）,8K-10K,南京优玛软件科技有限公司北京鸿信科创分公司,南京-鼓楼区,1-3年,本科,100-499人,民营,每年多次调薪/五险一金/年底双薪/绩效奖金/带薪年假,2019-04-22 15:37:52,
java开发（南京）,8K-10K,南京优玛软件科技有限公司,南京-鼓楼区,1-3年,本科,100-499人,股份制企业,,2019-04-23 19:08:12,
JAVA开发工程师,10K-12K,敏梅保险代理有限公司,南京,3-5年,本科,100-499人,民营,五险一金/全勤奖/绩效奖金/节日福利/年终分红,2019-04-20 16:14:02,
java开发（南京）,6K-8K,北京信奇视界科技有限公司,南京-鼓楼区,1-3年,本科,100-499人,民营,五险一金/餐补/免费班车/员工旅游/周末双休,2019-04-23 16:51:42,
Java开发负责人,12K-20K,南京正大天晴制药有限公司,南京,5-10年,大专,1000-9999人,合资,五险一金/绩效奖金/交通补助/餐补/通讯补助,2019-04-24 08:31:26,
初级java开发工程师/java实习生,4K-6K,南京网燃网络科技有限公司,南京,不限,大专,100-499人,股份制企业,五险一金/年底双薪/绩效奖金/带薪年假/弹性工作,2019-04-22 13:47:38,
Java开发工程师20人,薪资面议,东华软件股份公司,南京-玄武区,3-5年,本科,1000-9999人,上市公司,,2019-04-24 08:31:00,
理工类专业转Java开发工程师助理,3K-5K,阜宁阜惠科技信息有限公司,南京,不限,大专,20-99人,合资,节日福利/14薪/五险一金/年底双薪/绩效奖金,2019-04-23 10:10:06,
Java/ios安卓软件开发实习生+应届全职,4K-6K,江苏耀东文化传媒有限公司,南京,不限,大专,100-499人,民营,五险一金/年底双薪/绩效奖金/全勤奖/包住,2019-04-23 10:44:22,
JAVA开发工程师助理4k+双休,4K-6K,南京网燃网络科技有限公司,南京,不限,大专,100-499人,股份制企业,五险一金/年底双薪/绩效奖金/餐补/带薪年假,2019-04-22 13:47:40,
JAVA开发工程师,6K-10K,江苏谷科软件有限公司,南京,1-3年,本科,100-499人,民营,五险一金/全勤奖/交通补助/通讯补助/带薪年假,2019-04-23 08:56:39,
java高级开发工程师,10K-20K,江苏润和软件股份有限公司,南京,3-5年,本科,1000-9999人,民营,五险一金/年底双薪/餐补/带薪年假/节日福利,2019-04-23 14:09:42,
Java/C/C++软件工程师大数据开发实习,6K-8K,南京达内为上信息技术有限公司,南京,不限,中专,1000-9999人,外商独资,五险一金/年底双薪/绩效奖金/全勤奖/包吃,2019-04-24 09:06:43,
Java高级开发工程师,10K-15K,南京普杰物联网技术有限公司,南京-江宁区,3-5年,大专,20-99人,股份制企业,五险一金/绩效奖金/股票期权/加班补助/餐补,2019-04-21 21:12:22,
java高级开发工程师,8K-14K,科大国创软件股份有限公司江苏分公司,南京-江宁区,3-5年,大专,1000-9999人,上市公司,五险一金/定期体检/节日福利/带薪年假/周末双休,2019-04-24 16:45:36,
Java高级开发工程师,15K-20K,江苏润和软件股份有限公司,南京-雨花台区,不限,不限,1000-9999人,民营,,2019-04-23 14:10:35,
java开发（物联网平台）,11K-12K,江苏铠硕信息技术有限公司,南京-建邺区,3-5年,大专,20-99人,民营,五险一金/年底双薪/交通补助/通讯补助/带薪年假,2019-04-22 10:49:34,
软件开发高级工程师（JAVA）,10K-20K,福建新大陆软件工程有限公司,南京,5-10年,本科,1000-9999人,民营,节日福利/五险一金/年底双薪/绩效奖金/通讯补助,2019-04-24 13:49:59,
java开发工程师,8K-15K,江苏五城共聚网络科技有限公司,南京,1-3年,本科,100-499人,民营,创业公司/五险一金/周末双休/节日福利/员工旅游,2019-04-23 10:32:13,
java开发工程师,25K-50K,京东数字科技控股有限公司  ,南京,5-10年,本科,1000-9999人,外商独资,五险一金/餐补/补充医疗保险,2019-04-21 20:39:44,
java开发工程师,8K-15K,江苏梯卫士网络科技有限公司,南京,3-5年,大专,20-99人,民营,周末双休/五险一金/交通补助/餐补/通讯补助,2019-04-24 08:47:23,
Java中级软件开发工程师/中级Java软件工程师,10K-15K,南京欣慧月软件科技有限公司,南京,3-5年,本科,20-99人,民营,,2019-04-24 09:26:50,
Java开发工程师(南京),薪资面议,东华软件股份公司,南京-玄武区,3-5年,本科,1000-9999人,上市公司,上市公司/五险一金/年终奖/弹性工作,2019-04-24 09:45:20,
java开发工程师,10K-15K,江苏云厨一站新零售有限公司,南京,3-5年,本科,1000-9999人,民营,全勤奖/包吃/节日福利/带薪年假/绩效奖金,2019-04-24 09:00:22,
Java+人工智能开发实习生,4K-6K,南京达内为上信息技术有限公司,南京,不限,大专,1000-9999人,上市公司,住房补贴/五险一金/交通补助/餐补/加班补助,2019-04-24 11:04:55,
Java软件开发,4K-6K,南京达内软件有限公司,南京,不限,中专,500-999人,上市公司,创业公司/五险一金/全勤奖/节日福利/不加班,2019-04-24 10:23:11,
java软件开发实习生,3K-6K,南京爬虫信息科技有限公司,南京,不限,大专,500-999人,股份制企业,五险一金/年底双薪/绩效奖金/弹性工作/带薪年假,2019-04-23 17:41:21,
高薪Java软件开发双休,4K-6K,南京达内为上信息技术有限公司,南京,不限,中专,1000-9999人,上市公司,五险一金/年底双薪/交通补助/餐补/带薪年假,2019-04-24 17:05:08,
JAVA大数据开发定岗生,4K-6K,南京达内为上信息技术有限公司,南京,不限,中专,1000-9999人,上市公司,五险一金/年底双薪/绩效奖金/包吃/包住,2019-04-24 17:05:25,
java软件开发助理5K,4K-6K,南京达内为上信息技术有限公司,南京,不限,中专,1000-9999人,上市公司,五险一金/年底双薪/绩效奖金/加班补助/餐补,2019-04-24 21:36:36,
Java开发工程师,8K-12K,科大国创软件股份有限公司江苏分公司,南京-江宁区,3-5年,大专,1000-9999人,上市公司,五险一金/绩效奖金/加班补助/餐补/通讯补助,2019-04-24 16:45:35,
java开发工程师,6K-10K,科大国创软件股份有限公司江苏分公司,南京-江宁区,1-3年,大专,1000-9999人,上市公司,五险一金/定期体检/节日福利/带薪年假/周末双休,2019-04-24 16:45:36,
软件开发工程师,10K-15K,青岛船歌鲜食网络科技有限公司,南京,1-3年,大专,1000-9999人,民营,周末双休/公司重点项目/领导nice,2019-04-24 19:03:45,
JAVA软件工程师,10K-15K,江苏苏源高科技有限公司,南京-秦淮区,3-5年,大专,100-499人,民营,五险一金/带薪年假/定期体检/节日福利,2019-04-24 13:44:12,
Java讲师,10K-15K,北大青鸟中博校区,南京,3-5年,本科,100-499人,民营,节日福利/五险一金/绩效奖金/餐补/带薪年假,2019-04-24 09:03:45,
app开发工程师,10K-15K,深圳新河通创科技有限公司,南京-建邺区,3-5年,大专,500-999人,其它,五险一金/周末双休/年底双薪,2019-04-24 19:20:31,
Java软件高级工程师,8K-15K,南京耐威特瑞科技有限公司,南京,3-5年,大专,20-99人,民营,周末双休/绩效奖金/节日福利,2019-04-24 14:32:58,
软件开发工程师岗（信息技术总部）,10K-20K,南京证券股份有限公司,南京,不限,硕士,1000-9999人,股份制企业,五险一金/年底双薪/绩效奖金/餐补/带薪年假,2019-04-24 08:39:37,
核心系统JAVA开发工程师-高级,15K-20K,爱心人寿保险股份有限公司,南京-雨花台区,3-5年,本科,1000-9999人,股份制企业,五险一金/年底双薪/周末双休/绩效奖金/包吃,2019-04-23 10:44:01,
初级Java数据库开发工程师助理餐补/双休,4K-6K,江苏耀东文化传媒有限公司,南京,不限,大专,100-499人,民营,五险一金/年底双薪/绩效奖金/全勤奖/包住,2019-04-22 17:39:37,
JAVA高级开发工程师,13K-25K,亿嘉和科技股份有限公司,南京,不限,本科,100-499人,民营,五险一金/年底双薪/包吃/餐补/通讯补助,2019-04-23 16:00:00,
java游戏开发工程师,6K-8K,上海怡胜信息科技有限公司,南京,不限,大专,100-499人,民营,五险一金/交通补助/绩效奖金/节日福利/弹性工作,2019-04-23 13:38:42,
java高级开发工程师,6K-10K,益客集团,南京,3-5年,本科,10000人以上,民营,五险一金/包住/节日福利/员工旅游,2019-04-22 08:41:01,
JAVA软件开发/可从助理做起（接收转行）,4K-6K,南京华信智原教育科技有限公司,南京,不限,大专,100-499人,民营,五险一金/年底双薪/绩效奖金/加班补助/全勤奖,2019-04-20 10:59:13,
JAVA软件开发工程师x,6K-8K,上海隆耀网络科技有限公司,南京,不限,不限,500-999人,民营,,2019-04-24 15:07:36,
地铁口Java软件开发实习生/java程序员,3K-5K,南京网燃网络科技有限公司,南京,不限,大专,100-499人,股份制企业,住房补贴/周末双休/五险一金/年底双薪/餐补,2019-04-20 11:11:45,
4k+软件开发工程师（java/web/php/c++）,3K-6K,南京网燃网络科技有限公司,南京-秦淮区,不限,大专,100-499人,股份制企业,五险一金/年底双薪/绩效奖金/餐补/带薪年假,2019-04-22 13:47:39,
高级java开发工程师,10K-15K,江苏萨芳纳健康科技有限公司,南京,3-5年,本科,20-99人,合资,周末双休/五险一金/绩效奖金/交通补助/房补,2019-04-21 21:15:36,
java开发工程师,10K-15K,诚迈科技(南京)股份有限公司,南京-雨花台区,3-5年,大专,1000-9999人,外商独资,五险一金/绩效奖金/带薪年假/加班补助/定期体检,2019-04-24 08:33:19,
JAVA开发,6K-8K,福州福讯软件有限公司,南京-浦口区,1-3年,本科,20-99人,民营,五险一金/项目奖金/节日福利/周末双休/全勤奖,2019-04-24 08:42:49,
Java开发程序员实习生助理,4K-6K,南京华锐软件开发有限公司,南京,不限,大专,100-499人,民营,五险一金/年底双薪/绩效奖金/年终分红/带薪年假,2019-04-22 14:28:29,
java开发工程师,8K-15K,江苏润和软件股份有限公司,南京-鼓楼区,1-3年,本科,1000-9999人,民营,节日福利/五险一金/定期体检/餐补,2019-04-23 14:09:41,
java开发,8K-12K,江苏润和软件股份有限公司,南京-江宁区,1-3年,本科,1000-9999人,民营,餐补/五险一金/定期体检,2019-04-23 14:10:11,
Java后台开发工程师,15K-20K,南京阿提信息技术有限公司,南京,不限,大专,不限,民营,,2019-04-24 12:32:57,
java开发实习岗（待遇优福利好）,4K-6K,南京网燃网络科技有限公司,南京,不限,大专,100-499人,股份制企业,五险一金/年底双薪/绩效奖金/全勤奖/带薪年假,2019-04-22 13:47:44,
Java开发工程师-NJ(J10235),13K-25K,北京明略软件系统有限公司,南京-雨花台区,3-5年,本科,100-499人,民营,每年多次调薪/周末双休/绩效奖金/带薪年假/补充医疗保险,2019-04-22 10:17:07,
初级Web前端开发工程师5k+,5K-8K,中兴软件技术(济南)有限公司南京分公司,南京,不限,大专,1000-9999人,合资,五险一金/年底双薪/交通补助/餐补/通讯补助,2019-04-24 10:27:18,
高级java开发工程师,10K-15K,南京睿翊腾信息技术有限公司,南京-雨花台区,3-5年,大专,20-99人,民营,五险一金/年底双薪/加班补助/带薪年假/节日福利,2019-04-22 00:50:28,
java开发工程师,6K-12K,上海尚强信息科技有限公司,南京-江宁区,1-3年,本科,20-99人,民营,周末双休/创业公司/五险一金/绩效奖金/每年多次调薪,2019-04-23 14:46:30,
java技术经理,15K-20K,上海文沥信息技术有限公司,南京-浦口区,5-10年,本科,100-499人,民营,五险一金/绩效奖金/年终分红/加班补助/带薪年假,2019-04-24 13:29:25,
高级Java开发工程师岗位,13K-25K,南京奇多信息科技有限公司,南京,3-5年,本科,20-99人,民营,五险一金/年底双薪/绩效奖金/股票期权/弹性工作,2019-04-20 12:13:35,
GIS产品开发经理,21K-28K,南师大科技园栖霞管理(南京)有限公司,南京,3-5年,本科,20人以下,民营,五险一金/周末双休/定期体检/餐补/通讯补助,2019-04-24 09:26:54,
通信技术开发工程师/实习生,4K-6K,南京正达软件技术有限公司,南京,不限,大专,20-99人,不限,五险一金/年底双薪/年终分红/加班补助/交通补助,2019-04-24 12:27:37,
Java技术经理（架构师）,12K-16K,南京图慧信息技术有限公司,南京,5-10年,本科,100-499人,股份制企业,五险一金/绩效奖金/餐补/带薪年假/补充医疗保险,2019-04-24 13:55:01,
java开发工程师,10K-15K,深圳市德科信息技术有限公司南京分公司,南京,1-3年,大专,1000-9999人,股份制企业,周末双休/绩效奖金/股票期权/每年多次调薪/五险一金,2019-04-22 09:25:40,
java软件开发工程师（上市公司、五险一金）,8K-16K,南京擎天科技有限公司,南京,1-3年,本科,500-999人,民营,五险一金/绩效奖金/交通补助/餐补/带薪年假,2019-04-21 19:16:25,
初级Java软件开发工程师可实习,2K-4K,南京网燃网络科技有限公司,南京-秦淮区,不限,大专,100-499人,股份制企业,五险一金/年底双薪/绩效奖金/餐补/弹性工作,2019-04-22 13:47:38,
Java服务端开发工程师,薪资面议,苏州科技城,南京-鼓楼区,1-3年,本科,100-499人,其它,五险一金/绩效奖金/年底双薪/节日福利/带薪年假,2019-04-23 11:07:57,
java开发工程师,8K-12K,江苏盈达信息技术有限公司,南京,1-3年,本科,100-499人,民营,五险一金/餐补/定期体检/补充医疗保险/带薪年假,2019-04-22 11:22:00,
java开发,10K-15K,深圳市德科信息技术有限公司南京分公司,南京,1-3年,大专,1000-9999人,股份制企业,周末双休/绩效奖金/股票期权/每年多次调薪/五险一金,2019-04-22 09:24:04,
java开发工程师,6K-8K,南京智杰物联科技股份有限公司,南京,3-5年,大专,20-99人,民营,五险一金/股票期权/全勤奖/节日福利/带薪年假,2019-04-22 11:53:57,
java开发工程师,5K-8K,江苏彩云慧谷信息技术有限公司,南京,1-3年,本科,100-499人,民营,五险一金/定期团建/周末双休/带薪年假/补充医疗保险,2019-04-22 10:00:14,
初级JAVA开发助理+双休+五险一金,6K-8K,南京达内为上信息技术有限公司,南京,不限,中专,1000-9999人,上市公司,住房补贴/五险一金/年底双薪/绩效奖金/加班补助,2019-04-24 17:04:59,
急-高级JAVA开发,15K-30K,江苏激扬软件有限公司,南京,5-10年,本科,100-499人,民营,五险一金/周末双休/绩效奖金/员工旅游,2019-04-23 17:23:34,
java开发工程师,10K-20K,南京瀚和软件技术有限公司,南京,3-5年,大专,100-499人,民营,五险一金/免费班车/加班补助,2019-04-24 08:59:14,
Java开发工程师,10K-15K,易虎网科技(山东)有限公司,南京-江宁区,1-3年,大专,20-99人,股份制企业,五险一金/周末双休/创业公司/立即到岗/绩效奖金,2019-04-24 09:36:57,
java开发工程师,8K-10K,南京福怡科技发展股份有限公司,南京-栖霞区,1-3年,大专,20-99人,股份制企业,五险一金/周末双休/每年多次调薪/节日福利/带薪年假,2019-04-22 17:15:02,
java开发工程师（互联网方向）,11K-15K,南京慧智灵杰信息技术有限公司,南京,3-5年,本科,20-99人,民营,每年多次调薪/五险一金/绩效奖金/带薪年假/弹性工作,2019-04-22 13:56:48,
java开发工程师,10K-15K,南京能瑞自动化设备股份有限公司,南京,1-3年,本科,100-499人,股份制企业,五险一金/包住/包吃/带薪年假/免费班车,2019-04-24 09:00:45,
Java开发工程师,8K-10K,中磊电子(苏州)有限公司技术研发中心,南京,3-5年,本科,500-999人,外商独资,,2019-04-24 11:14:42,
java后端开发,12K-20K,南京药育智能科技有限公司,南京,3-5年,本科,100-499人,民营,五险一金,2019-04-24 09:21:12,
高级java工程师,15K-20K,四川慧盈科技有限责任公司,南京,3-5年,本科,20-99人,民营,五险一金/绩效奖金/周末双休/带薪年假/定期体检,2019-04-24 19:06:29,
Java开发工程师,10K-15K,北京北纬通信科技股份有限公司,南京,3-5年,本科,1000-9999人,上市公司,周末双休/五险一金/餐补/通讯补助/带薪年假,2019-04-22 17:49:18,
java开发工程师,10K-15K,上海艺赛旗软件股份有限公司,南京,1-3年,大专,100-499人,上市公司,五险一金/通讯补助/餐补/带薪年假/定期体检,2019-04-22 19:58:02,
java开发工程师,4K-6K,易的物联科技无锡有限公司南京分公司,南京,1年以下,大专,20-99人,民营,五险一金/包住/周末双休/创业公司,2019-04-23 13:50:42,
java架构师,20K-30K,江苏泊朗智能科技有限公司,南京-雨花台区,10年以上,本科,100-499人,民营,五险一金/包吃/加班补助/节日福利/交通补助,2019-04-24 09:44:37,
Java开发工程师,10K-20K,深圳市德科信息技术有限公司南京分公司,南京,3-5年,本科,1000-9999人,股份制企业,周末双休/绩效奖金/股票期权/每年多次调薪/五险一金,2019-04-23 10:06:41,
高级java开发工程师,10K-15K,江苏猎宝网络科技股份有限公司,南京-玄武区,3-5年,本科,100-499人,民营,年底双薪/绩效奖金/加班补助/带薪年假/节日福利,2019-04-23 11:26:39,
java开发工程师 （后台开发）,8K-10K,南京木子玉信息技术有限公司,南京,1-3年,本科,20-99人,股份制企业,员工旅游/节日福利/周末双休/免费班车/定期体检,2019-04-23 19:06:52,
JAVA开发工程师,4K-6K,济南聚仁信息技术有限公司,南京,1-3年,大专,20-99人,民营,五险一金/带薪年假,2019-04-23 17:21:35,
java开发实习生,3K-4.5K,江苏智慧数字认证有限公司,南京,无经验,本科,20-99人,民营,五险一金/餐补/带薪年假/周末双休/节日福利,2019-04-23 15:53:52,
Java开发工程师,7K-10K,江苏开博信息科技有限公司,南京,1-3年,大专,20-99人,民营,五险一金/绩效奖金/交通补助/带薪年假/员工旅游,2019-04-24 15:46:38,
Java开发工程师,10K-15K,南京中益达信息科技有限公司,南京,3-5年,本科,20-99人,民营,五险一金/年底双薪/绩效奖金/节日福利/餐补,2019-04-22 14:03:52,
java开发工程师,12K-20K,飞友科技有限公司,南京,3-5年,本科,100-499人,民营,周末双休/五险一金/补充医疗保险/定期体检/员工旅游,2019-04-22 14:19:00,
高级软件开发工程师（java方向，南京）,4K-6K,南京正诺软件技术有限公司,南京,不限,大专,100-499人,民营,五险一金/绩效奖金/每年多次调薪/年底双薪/周末双休,2019-04-23 09:25:55,
java开发工程师,8K-10K,江苏万川医疗健康产业集团有限公司,南京-建邺区,1-3年,本科,100-499人,股份制企业,五险一金/绩效奖金/餐补/交通补助/通讯补助,2019-04-24 08:57:11,
java开发工程师,10K-15K,北京北纬通信科技股份有限公司,南京-建邺区,3-5年,本科,1000-9999人,上市公司,周末双休/五险一金/餐补/通讯补助/带薪年假,2019-04-22 17:49:18,
java开发工程师（金融方向）,12K-24K,南京恒略信息技术有限公司,南京-浦口区,3-5年,大专,100-499人,民营,五险一金/年底双薪/绩效奖金/带薪年假,2019-04-23 21:43:41,
java开发工程师,8K-14K,南京华得瑞科技有限责任公司,南京-鼓楼区,1-3年,本科,20-99人,民营,五险一金/定期体检/带薪年假/节日福利/绩效奖金,2019-04-22 09:03:45,
软件开发工程师 Java开发工程师,6K-8K,南京盈仟隆信息科技有限公司,南京,1-3年,本科,20-99人,民营,五险一金/交通补助/节日福利/绩效奖金/项目奖金,2019-04-22 15:43:19,
Java 开发工程师-物联网方向,8K-13K,太通建设有限公司,南京-雨花台区,3-5年,大专,100-499人,民营,包住/包吃/带薪年假/弹性工作/节日福利,2019-04-24 17:29:27,
对日java开发工程师,10K-20K,杭州优灿科技有限公司,南京,不限,不限,500-999人,合资,五险一金/交通补助/弹性工作/节日福利,2019-04-24 08:59:26,
java高级开发工程师,15K-30K,南京积生活电子商务有限公司,南京,5-10年,大专,100-499人,股份制企业,创业公司/周末双休/交通补助/餐补/通讯补助,2019-04-22 09:28:00,
Android软件开发工程师,8K-15K,天派电子（深圳）有限公司南京研发中心,南京,1-3年,本科,1000-9999人,上市公司,五险一金/年底双薪/绩效奖金/定期体检/员工旅游,2019-04-24 00:52:00,
android高级开发工程师,13K-20K,江苏斑马软件技术有限公司,南京,3-5年,本科,100-499人,民营,创业公司/绩效奖金/弹性工作/带薪年假/节日福利,2019-04-24 00:50:54,
Java服务端开发工程师  ,20K-30K,苏州米牛电子商务有限公司,南京-鼓楼区,3-5年,本科,20-99人,民营,加班补助/餐补/全勤奖/带薪年假/定期体检,2019-04-23 10:57:54,
Java开发工程师,8K-12K,南京埃德媒互联网科技有限公司,南京-栖霞区,1-3年,本科,20-99人,民营,五险一金/交通补助/餐补/节日福利/弹性工作,2019-04-24 10:20:40,
php开发工程师,4K-6K,南京易欣博软件技术有限公司,南京,无经验,大专,100-499人,民营,五险一金/绩效奖金/加班补助/包住/交通补助,2019-04-24 15:05:10,
中级java软件开发工程师,8K-10K,江苏润无声科技有限公司,南京,1-3年,本科,20-99人,民营,五险一金/加班补助,2019-04-22 15:48:16,
高级java开发工程师（数据方向）,8K-10K,农芯科技(北京)有限责任公司,南京,3-5年,本科,100-499人,事业单位,五险一金/年底双薪/绩效奖金/餐补/带薪年假,2019-04-23 16:55:53,
java开发工程师,6K-10K,上海致宇信息技术有限公司,南京-浦口区,1-3年,本科,100-499人,民营,五险一金/年底双薪/带薪年假/定期体检,2019-04-24 15:02:29,
中级java开发工程师（南京，银行项目）,10K-15K,上海致宇信息技术有限公司,南京-浦口区,3-5年,本科,100-499人,民营,五险一金/年底双薪/带薪年假/定期体检,2019-04-24 15:53:34,
java开发工程师,6K-10K,北京中科奥创科技有限公司,南京,1-3年,本科,20-99人,股份制企业,五险一金/绩效奖金/包住/周末双休/节日福利,2019-04-24 10:45:57,
java开发工程师,2K-4K,南京三捷科技有限公司,南京,不限,大专,20-99人,民营,五险一金/包住,2019-04-23 18:20:23,
android开发工程师,5K-10K,江苏慧禾融智信息技术有限公司,南京-建邺区,不限,本科,20-99人,民营,五险一金/年底双薪/绩效奖金/餐补/员工旅游,2019-04-24 13:15:35,
Java平台研发工程师,12K-15K,南京麦思伦信息科技有限公司,南京-江宁区,3-5年,本科,100-499人,民营,五险一金/年底双薪/绩效奖金/带薪年假/免费班车,2019-04-24 19:16:13,
java开发工程师,10K-15K,南京览笛信息科技有限公司,南京,3-5年,大专,100-499人,股份制企业,五险一金/周末双休/年底双薪/带薪年假/弹性工作,2019-04-24 14:12:15,
视频通信软件开发工程师,10K-15K,南京南方电讯有限公司,南京-秦淮区,3-5年,本科,100-499人,国企,五险一金/绩效奖金/全勤奖/交通补助/餐补,2019-04-24 19:12:11,
后端开发工程师,10K-17K,南京道群医药有限公司,南京-建邺区,3-5年,大专,100-499人,民营,五险一金/绩效奖金/交通补助/带薪年假/年底双薪,2019-04-24 16:56:06,
java开发工程师,8K-15K,江苏泰赋星通信技术有限公司,南京,1-3年,大专,20-99人,民营,五险一金/年底双薪/绩效奖金/节日福利/带薪年假,2019-04-23 13:39:11,
java开发工程师,10K-15K,江苏健帆信息技术有限公司,南京,3-5年,大专,20-99人,民营,五险一金/餐补/带薪年假/不加班/节日福利,2019-04-23 00:50:41,
java开发工程师,12K-22K,上海新朋程信息科技有限公司,南京,3-5年,本科,100-499人,民营,周末双休/五险一金/绩效奖金/加班补助/全勤奖,2019-04-22 11:09:20,
中级java开发工程师,7K-12K,南京拓界信息技术有限公司,南京,3-5年,本科,100-499人,民营,五险一金/年底双薪/加班补助/餐补/带薪年假,2019-04-23 13:34:07,
java开发工程师(南京总部）,6K-10K,宁波泰博达信息技术有限公司,南京,1-3年,本科,20-99人,民营,五险一金/年底双薪/餐补/通讯补助/定期体检,2019-04-23 16:51:34,
java工程师,8K-12K,智汇神州信息发展有限公司,南京,3-5年,本科,20-99人,国企,节日福利/五险一金/餐补/补充医疗保险/高温补贴,2019-04-24 18:20:17,
android开发工程师,10K-20K,众能联合数字技术有限公司,南京-雨花台区,3-5年,本科,100-499人,民营,五险一金/带薪年假/餐补/节日福利/创业公司,2019-04-23 10:31:47,
php开发工程师,8K-15K,南京众汇成信息科技有限公司,南京,3-5年,本科,20人以下,民营,五险一金/绩效奖金/员工旅游/公司重点项目/弹性工作,2019-04-24 11:21:33,
IT系统实施开发工程师,8K-12K,南京圣迪奥时装有限公司,南京,5-10年,本科,10000人以上,民营,包住/节日福利/免费班车/交通补助/五险一金,2019-04-24 09:05:58,
JAVA开发工程师,8K-10K,南京睿帆软件科技有限公司,南京,1-3年,本科,20-99人,民营,五险一金/年底双薪/绩效奖金/包住/通讯补助,2019-04-24 18:03:39,
Java高级主管、技术开发部经理、Java高级工程师,15K-20K,南京贞观互联网科技有限公司,南京,3-5年,不限,20-99人,民营,五险一金/绩效奖金/全勤奖/交通补助/餐补,2019-04-21 20:01:44,
JAVA高级开发工程师,10K-20K,北京思诺博信息技术股份有限公司,南京-鼓楼区,5-10年,本科,100-499人,合资,节日福利/五险一金/年底双薪/带薪年假/定期体检,2019-04-24 15:45:12,
java开发工程师,6K-8K,南京桓瑞软件科技有限公司,南京,1-3年,不限,20-99人,民营,,2019-04-22 11:14:38,
java开发工程师,6K-8K,上海幻棱信息科技有限公司南京分公司,南京,1-3年,大专,20-99人,民营,五险一金/绩效奖金/带薪年假/定期体检/周末双休,2019-04-22 14:02:54,
Java工程师,15K-25K,南京粒聚智能科技有限公司,南京,3-5年,本科,20-99人,民营,创业公司/五险一金/加班补助/带薪年假/弹性工作,2019-04-24 19:01:40,
Java高级开发工程师,8K-15K,冠群信息技术(南京)有限公司,南京,3-5年,大专,100-499人,民营,五险一金/绩效奖金/节日福利/带薪年假/周末双休,2019-04-23 18:26:03,
Java开发工程师（银行软件）,5K-10K,南京鑫元数信息科技有限公司,南京,1-3年,本科,20人以下,民营,五险一金/年底双薪/节日福利/周末双休,2019-04-24 17:02:26,
JAVA,10K-15K,南京黑石电子科技有限公司,南京,5-10年,大专,20-99人,民营,周末双休/五险一金/节日福利/绩效奖金/股票期权,2019-04-24 19:19:53,
Java开发工程师,9K-15K,南京中益达信息科技有限公司,南京,3-5年,大专,20-99人,民营,五险一金/年底双薪/绩效奖金/员工旅游/节日福利,2019-04-22 14:03:52,
java软件工程师,15K-20K,深圳市网新新思软件有限公司,南京-雨花台区,5-10年,本科,1000-9999人,上市公司,五险一金/带薪年假/定期体检/不加班/节日福利,2019-04-24 00:51:53,
资深java工程师（APP端）,15K-20K,合肥维天运通信息科技股份有限公司,南京-雨花台区,3-5年,本科,500-999人,民营,每年多次调薪/五险一金/绩效奖金/带薪年假/节日福利,2019-04-24 14:10:48,
java,8K-12K,青岛易联万家科技有限公司,南京,3-5年,本科,20-99人,民营,五险一金/节日福利,2019-04-24 10:33:06,
java工程师,10K-15K,北京汉克时代科技有限公司,南京,3-5年,本科,1000-9999人,民营,五险一金/员工旅游/定期体检/节日福利,2019-04-24 19:29:39,
GIS软件开发工程师,15K-20K,飞燕航空遥感技术有限公司江苏分公司,南京-秦淮区,不限,本科,20-99人,民营,住房补贴/绩效奖金/交通补助/餐补/房补,2019-04-24 18:29:02,
java,6K-8K,广州市易杰数码科技有限公司,南京,1年以下,本科,100-499人,合资,周末双休/五险一金/带薪年假/餐补,2019-04-24 00:52:21,
Android开发工程师[南京],8K-10K,江苏小桥流水科技股份有限公司,南京,1-3年,本科,100-499人,股份制企业,五险一金/交通补助/餐补/通讯补助/节日福利,2019-04-24 15:17:29,
java开发工程师,9K-13K,江苏智慧数字认证有限公司,南京,1-3年,本科,20-99人,民营,五险一金/餐补/带薪年假/每年多次调薪/周末双休,2019-04-23 15:55:58,
java开发工程师（数据方向）,6K-8K,农芯科技(北京)有限责任公司,南京,1-3年,本科,100-499人,事业单位,五险一金/年底双薪/绩效奖金/餐补/带薪年假,2019-04-23 16:58:23,
java实习开发工程师,3K-5K,南京巅峰数据服务有限公司,南京,无经验,大专,20-99人,民营,五险一金/绩效奖金/带薪年假/年底双薪/包住,2019-04-22 10:06:28,
java软件开发实训生,4K-6K,南京正诺软件技术有限公司,南京,不限,大专,100-499人,民营,五险一金/绩效奖金/每年多次调薪/年底双薪/周末双休,2019-04-23 09:25:55,
平台开发维护岗(java、数据集市),20K-30K,江苏鑫合易家信息技术有限责任公司,南京,3-5年,本科,20-99人,合资,五险一金/绩效奖金/餐补/通讯补助/带薪年假,2019-04-22 09:33:10,
java高级开发工程师,15K-20K,上海新朋程信息科技有限公司,南京,3-5年,本科,100-499人,民营,周末双休/五险一金/绩效奖金/加班补助/全勤奖,2019-04-22 11:09:22,
Java软件开发工程师,6K-8K,南京希迪麦德软件有限公司,南京,1-3年,本科,20-99人,民营,五险一金,2019-04-24 09:56:44,
Java工程师,8K-10K,江苏金恒信息科技股份有限公司,南京,3-5年,本科,100-499人,股份制企业,14薪/周末双休/五险一金/绩效奖金/加班补助,2019-04-24 09:46:22,
Java软件工程师,4K-6K,南京三商电脑软件开发有限公司,南京-建邺区,不限,大专,20-99人,外商独资,五险一金/加班补助/带薪年假/年底双薪,2019-04-24 10:50:18,
高级Java软件工程师,7K-14K,南京云白信息科技有限公司,南京,3-5年,大专,20-99人,民营,周末双休/绩效奖金/带薪年假/节日福利/定期体检,2019-04-24 10:36:38,
web前端开发实习生/web开发助理接收,3K-6K,阜宁阜惠科技信息有限公司,南京,不限,大专,20-99人,合资,五险一金/年底双薪/绩效奖金/加班补助/全勤奖,2019-04-24 09:56:55,
带薪实习嵌入式软件开发,3K-5K,南京网燃网络科技有限公司,南京,不限,大专,100-499人,股份制企业,住房补贴/周末双休/五险一金/年底双薪/餐补,2019-04-24 10:52:04,
python开发,6K-8K,成都迈锐特信息技术有限公司南京分公司,南京-秦淮区,不限,大专,500-999人,民营,五险一金/年底双薪/加班补助/通讯补助/弹性工作,2019-04-24 15:19:03,
java开发工程师,10K-20K,江苏鑫合易家信息技术有限责任公司,南京,1-3年,本科,20-99人,合资,五险一金/餐补/交通补助/通讯补助/带薪年假,2019-04-22 09:33:10,
JAVA开发（江苏智恒本部）,6K-12K,南京坦道信息科技有限公司,南京,1-3年,本科,100-499人,民营,住房补贴/五险一金/餐补/通讯补助,2019-04-23 14:10:55,
JAVA开发工程师（中级）,5K-8K,南京如燕信息科技有限公司,南京,1-3年,本科,100-499人,民营,五险一金/绩效奖金/带薪年假/节日福利/员工旅游,2019-04-23 13:55:42,
Java开发,8K-12K,南京瀚和软件技术有限公司,南京,1-3年,大专,100-499人,民营,五险一金/年底双薪/定期体检/加班补助,2019-04-24 08:59:14,
Java开发工程师[中级](自主研发 web后端）,10K-15K,南京微源互联网络科技有限公司,南京,1-3年,大专,20-99人,民营,五险一金/周末双休/绩效奖金/交通补助/弹性工作,2019-04-23 09:59:51,
java开发工程师实习生,2K-4K,南京坦道信息科技有限公司,南京-鼓楼区,不限,本科,100-499人,民营,五险一金/通讯补助/带薪年假/餐补/年底双薪,2019-04-23 14:10:55,
java开发工程师,8K-13K,江苏聚卓信息技术有限公司,南京,1-3年,大专,100-499人,其它,加班补助/弹性工作/交通补助/五险一金/定期体检,2019-04-23 09:36:06,
计算机开发助理,4K-6K,才秀集团,南京,不限,中专,1000-9999人,股份制企业,五险一金/全勤奖/包吃/年底双薪/绩效奖金,2019-04-24 11:03:14,
Trainee Program_开发工程师,6K-8K,源讯信息技术(中国)有限公司,南京-浦口区,无经验,本科,500-999人,外商独资,五险一金/通讯补助/带薪年假/弹性工作/补充医疗保险,2019-04-24 13:47:46,
前端开发工程师（南京）,10K-15K,深圳市拓保软件有限公司南京分公司,南京,1-3年,大专,1000-9999人,民营,五险一金/定期体检/免费班车/员工旅游/节日福利,2019-04-24 00:51:42,
java技术经理,15K-23K,江苏中路交通科学技术有限公司,南京,5-10年,大专,100-499人,民营,五险一金/交通补助/餐补/定期体检/节日福利,2019-04-24 19:24:25,
gis开发实习生,6K-8K,江苏科博空间信息科技有限公司,南京,无经验,本科,20-99人,民营,创业公司/五险一金/节日福利/住房补贴/包住,2019-04-24 19:20:07,
java工程师,6K-12K,南京杰谱企业管理咨询有限公司,南京-雨花台区,不限,本科,100-499人,民营,带薪年假/加班补助/全勤奖/节日福利/周末双休,2019-04-24 14:11:53,
兼职JAVA/UI讲师,1.5K-3K,江苏创度优易网络科技有限公司,南京,1-3年,本科,20-99人,学校/下级学院,,2019-04-24 19:22:10,
java软件开发工程师（实习岗）,3K-4.5K,南京瑞玥科技有限公司,南京,不限,大专,100-499人,民营,五险一金/年底双薪/绩效奖金/包住/餐补,2019-04-24 10:51:08,
JAVA软件开发工程师,8K-10K,南京慧智灵杰信息技术有限公司,南京,1-3年,大专,20-99人,民营,每年多次调薪/五险一金/绩效奖金/带薪年假/弹性工作,2019-04-22 13:56:48,
java高级工程师(偏物联网),15K-20K,南京秒品物联网科技有限公司,南京,3-5年,本科,20人以下,民营,绩效奖金/股票期权/弹性工作,2019-04-24 18:24:08,
C++软件开发工程师,10K-18K,南京优泰科技发展有限公司,南京,1-3年,本科,20-99人,民营,交通补助/餐补,2019-04-24 17:50:14,
（C++/WEB/PHP）编程开发项目带薪岗前实训,4K-8K,南京华信智原教育科技有限公司,南京,无经验,大专,100-499人,民营,五险一金/年底双薪/绩效奖金/加班补助/包住,2019-04-24 09:53:50,
中级Java软件工程师,10K-13K,上海允弈信息科技有限公司,南京,3-5年,本科,20-99人,民营,弹性工作/员工旅游/五险一金/周末双休/节日福利,2019-04-24 09:51:30,
中兴直招Java工程师/储备干部,5K-8K,中兴软件技术(济南)有限公司南京分公司,南京,不限,大专,1000-9999人,合资,五险一金/年底双薪/交通补助/餐补/通讯补助,2019-04-24 10:27:18,
网络开发+运营+实习期+4k起薪,6K-8K,南京达内为上信息技术有限公司,南京,不限,中专,1000-9999人,外商独资,五险一金/年底双薪/绩效奖金/包住/包吃,2019-04-24 11:07:03,
java软件工程师,5K-10K,南京圣唯思科技有限公司,南京,3-5年,本科,20-99人,民营,五险一金/包吃/加班补助/通讯补助/带薪年假,2019-04-24 16:02:16,
java高级工程师,10K-15K,旻投电力发展有限公司,南京-江宁区,1-3年,本科,500-999人,民营,周末双休/五险一金/餐补/定期体检,2019-04-24 14:53:11,
JAVA开发工程师,8K-10K,杭州展鸿科技有限公司,南京,1-3年,本科,100-499人,民营,五险一金/年底双薪/股票期权/采暖补贴/带薪年假,2019-04-24 17:24:03,
java开发工程师,10K-12K,南京恒略信息技术有限公司,南京,3-5年,本科,100-499人,民营,五险一金/年底双薪/绩效奖金/带薪年假/补充医疗保险,2019-04-23 21:43:32,
Java开发工程师,5K-8K,肾泰网健康科技(南京)有限公司,南京-栖霞区,1-3年,本科,100-499人,合资,节日福利/五险一金/餐补/弹性工作/定期体检,2019-04-24 15:40:33,
Java开发工程师,8K-12K,合荣欣业信息技术有限公司,南京-秦淮区,1-3年,本科,500-999人,民营,五险一金/年底双薪/绩效奖金/餐补/带薪年假,2019-04-24 13:49:04,
android开发工程师,5K-10K,江苏慧禾融智信息技术有限公司,南京-建邺区,不限,本科,20-99人,民营,五险一金/年底双薪/绩效奖金/餐补/员工旅游,2019-04-24 13:15:35,
 高级java后端开发人员,12K-24K,南京维拓科技股份有限公司,南京-雨花台区,3-5年,大专,100-499人,民营,五险一金/绩效奖金/股票期权/餐补/带薪年假,2019-04-23 15:16:21,
Java中级开发工程师,6K-12K,冠群信息技术(南京)有限公司,南京,不限,大专,100-499人,民营,五险一金/绩效奖金/节日福利/带薪年假/周末双休,2019-04-23 18:26:03,
软件开发工程师,8K-10K,江苏辰特安防科技股份有限公司,南京,不限,本科,20人以下,股份制企业,餐补/加班补助/五险一金,2019-04-24 19:16:59,
开发工程师,8K-15K,江苏梓如电子商务股份有限公司,南京,3-5年,本科,500-999人,股份制企业,五险一金/周末双休/绩效奖金/带薪年假/节日福利,2019-04-24 19:24:03,
java高级工程师,15K-20K,南京根土农业科技有限公司,南京,5-10年,本科,20-99人,民营,创业公司/绩效奖金/年终分红/股票期权/每年多次调薪,2019-04-24 18:25:21,
初级java餐补宿 五险一金可实习,4K-6K,才秀集团,南京,不限,中专,1000-9999人,股份制企业,五险一金/年底双薪/包吃/包住/交通补助,2019-04-24 14:17:21,
Java开发工程师 1名,7K-14K,南京维拓科技股份有限公司,南京-雨花台区,3-5年,大专,100-499人,民营,五险一金/绩效奖金/股票期权/餐补/带薪年假,2019-04-23 15:16:22,
java爬虫开发工程师,10K-15K,杭州同帆科技有限公司,南京-建邺区,1-3年,本科,100-499人,民营,五险一金/带薪年假/定期体检/节日福利/加班补助,2019-04-24 08:41:49,
java开发工程师（可实习）,3K-5K,南京巅峰数据服务有限公司,南京,不限,大专,20-99人,民营,五险一金/绩效奖金/带薪年假/年底双薪/包住,2019-04-22 10:06:28,
Java开发工程师（对日）,8K-15K,南京利特嘉软件科技有限公司,南京,3-5年,本科,20-99人,股份制企业,节日福利/五险一金/加班补助/弹性工作/员工旅游,2019-04-23 10:03:25,
java开发工程师,8K-10K,南京坦道信息科技有限公司,南京,1-3年,本科,100-499人,民营,五险一金/年底双薪/加班补助/餐补/通讯补助,2019-04-23 14:10:50,
银行核心系统开发-JAVA/C语言方向,15K-20K,北京科蓝软件系统股份有限公司,南京-建邺区,1-3年,本科,1000-9999人,上市公司,五险一金/带薪年假/弹性工作/节日福利/周末双休,2019-04-23 10:30:56,
Java服务器开发工程师,10K-15K,深圳市德科信息技术有限公司南京分公司,南京,1-3年,本科,1000-9999人,股份制企业,周末双休/绩效奖金/每年多次调薪/节日福利/带薪年假,2019-04-24 13:51:34,
Java开发工程师,11K-16K,江苏万川医疗健康产业集团有限公司,南京,3-5年,本科,100-499人,股份制企业,绩效奖金/五险一金/周末双休/交通补助/餐补,2019-04-24 08:56:24,
测试工程师,4.5K-7K,南京金水尚阳信息技术有限公司,南京-栖霞区,1-3年,大专,20-99人,民营,五险一金/定期体检/节日福利/年底双薪/餐补,2019-04-23 11:03:31,
功能测试/系统测试工程师【品质测试部】,5K-7K,南京信安宝信息科技有限公司,南京,1-3年,大专,100-499人,股份制企业,五险一金/加班补助/带薪年假/节日福利/交通补助,2019-04-24 15:39:07,
架构师（南京）,15K-20K,苏州贝牛企业管理有限公司,南京,5-10年,本科,500-999人,民营,,2019-04-24 15:03:41,
全栈工程师,12K-15K,南京鲸途旅游有限公司,南京,3-5年,本科,20人以下,民营,五险一金/绩效奖金/包吃/弹性工作/创业公司,2019-04-24 23:19:59,
研发经理,20K-30K,上海尚强信息科技有限公司,南京-江宁区,3-5年,本科,20-99人,民营,五险一金/定期体检/绩效奖金/节日福利/公司重点项目,2019-04-23 14:54:29,
软件测试,7K-12K,上海尚强信息科技有限公司,南京,1-3年,本科,20-99人,民营,周末双休/五险一金/带薪年假/每年多次调薪/节日福利,2019-04-23 14:46:53,
研发经理        M,15K-30K,上海尚强信息科技有限公司,南京,5-10年,本科,20-99人,民营,创业公司/五险一金/带薪年假/年底双薪/周末双休,2019-04-23 14:46:30,
研发经理        M,15K-30K,上海尚强信息科技有限公司,南京-江宁区,5-10年,本科,20-99人,民营,创业公司/五险一金/带薪年假/年底双薪/周末双休,2019-04-23 14:46:30,
java开发初级工程师,5K-8K,天津无限高尚科技有限公司,南京-玄武区,不限,大专,100-499人,民营,每年多次调薪/五险一金/绩效奖金/餐补/员工旅游,2019-04-24 13:10:01,
java开发初级工程师,5K-8K,天津擎坤科技有限公司,南京-玄武区,不限,大专,20-99人,民营,14薪/五险一金/年底双薪/周末双休/绩效奖金,2019-04-24 13:07:52,
Java软件开发工程师（双休/五险一金）,5K-8K,天津擎坤科技有限公司,南京-建邺区,不限,大专,20-99人,民营,14薪/五险一金/年底双薪/周末双休/绩效奖金,2019-04-24 13:07:48,
售前售后技术支持工程师（南京）,8K-12K,先安科技有限公司,南京,1-3年,大专,20-99人,民营,绩效奖金/餐补/交通补助/带薪年假/补充医疗保险,2019-04-23 09:04:29,
研发工程师,8K-10K,靖江市旭飞安防工程有限公司,南京,1-3年,本科,100-499人,股份制企业,五险一金/绩效奖金/弹性工作/带薪年假/交通补助,2019-04-22 09:37:42,
java开发工程师,8K-15K,南京市宁远职业培训学校,南京-浦口区,3-5年,本科,不限,其它,交通补助/餐补/带薪年假/五险一金/绩效奖金,2019-04-22 08:49:34,
中级大数据开发工程师,15K-20K,上海巨匠软件有限公司,南京,3-5年,本科,20人以下,民营,五险一金/绩效奖金/全勤奖/带薪年假/节日福利,2019-04-20 07:37:16,
java工程师,15K-30K,紫光云数科技有限公司,南京-浦口区,5-10年,本科,1000-9999人,合资,五险一金/绩效奖金/交通补助/通讯补助/带薪年假,2019-04-20 10:50:42,
ArcGIS后端开发工程师,10K-15K,南京泛在地理信息产业研究院有限公司,南京-栖霞区,不限,本科,20-99人,民营,周末双休/五险一金/定期体检/节日福利/大牛带队,2019-04-19 19:06:47,
java开发工程师,12K-24K,北京顶象技术有限公司杭州分公司,南京,3-5年,本科,100-499人,民营,弹性工作/补充医疗保险/定期体检/大牛带队/节日福利,2019-04-19 19:22:24,
中级Java开发工程师,5K-10K,软世通信息科技集团有限公司,南京,1-3年,不限,100-499人,股份制企业,节日福利/每年多次调薪/五险一金/绩效奖金/带薪年假,2019-04-19 19:03:21,
技术平台研发主管,20K-30K,山东慧泰智能科技有限公司南京分公司,南京,3-5年,本科,100-499人,民营,五险一金/绩效奖金/年底双薪/带薪年假/通讯补助,2019-04-19 19:21:41,
数据分析,8K-15K,南京唯实科技有限公司,南京-建邺区,1-3年,本科,100-499人,民营,五险一金/加班补助/全勤奖/交通补助/餐补,2019-04-23 08:37:04,
技术运营工程师,10K-20K,亚创博彦(北京)科技有限公司,南京,3-5年,本科,100-499人,合资,,2019-04-22 23:06:25,
安全工程师,10K-15K,江苏电力信息技术有限公司,南京,3-5年,本科,100-499人,其它,,2019-04-23 17:13:22,
高级软件项目经理,30K-50K,能拓能源股份有限公司,南京-鼓楼区,5-10年,本科,500-999人,上市公司,五险一金/节日福利/员工旅游/带薪年假,2019-04-22 15:15:05,
电网生产管理系统方向软件研发11,薪资面议,国网电力科学研究院有限公司,南京,3-5年,本科,不限,国企,,2019-04-24 11:08:58,
电网生产管理系统方向软件研发12,薪资面议,国网电力科学研究院有限公司,南京,3-5年,本科,不限,国企,,2019-04-24 11:08:46,
电网调度方向工程项目管理,薪资面议,国网电力科学研究院有限公司,南京,3-5年,本科,不限,国企,,2019-04-24 11:02:46,
中高级web前端（财政云产品部）,15K-20K,北京用友政务软件股份有限公司,南京,3-5年,本科,1000-9999人,民营,餐补/弹性工作/带薪年假/交通补助/免费班车,2019-04-24 11:11:17,
调度管理方向软件研发,薪资面议,国网电力科学研究院有限公司,南京,3-5年,本科,不限,国企,,2019-04-24 11:17:20,
项目经理,10K-15K,江苏运时数据软件股份有限公司,南京,3-5年,本科,100-499人,民营,五险一金/绩效奖金/股票期权/餐补/交通补助,2019-04-23 16:05:22,
软件研发,薪资面议,国网电力科学研究院有限公司,南京,1-3年,本科,不限,国企,,2019-04-24 09:37:26,
php程序员,4K-6K,大军集团有限责任公司,南京-玄武区,1-3年,大专,100-499人,民营,年底双薪/包吃/包住/无试用期/五险一金,2019-04-23 10:37:47,
高级Android工程师,10K-20K,惠龙易通国际物流股份有限公司,南京,3-5年,大专,500-999人,民营,五险一金/包住/免费班车/节日福利,2019-04-24 08:38:18,
大数据系统架构师,15K-25K,江苏省未来网络创新研究院,南京,5-10年,本科,100-499人,事业单位,每年多次调薪/绩效奖金/交通补助/餐补/通讯补助,2019-04-23 08:19:38,
系统架构工程师,8K-15K,四川宝能电力工程设计有限公司南京分公司,南京,3-5年,本科,20-99人,民营,五险一金/绩效奖金/包住/餐补/带薪年假,2019-04-22 19:23:03,
信息管理员,5K-9K,江苏诺高科技有限公司,南京,3-5年,本科,20-99人,民营,五险一金/定期体检/员工旅游/节日福利/周末双休,2019-04-22 10:49:22,
软件测试工程师,5K-8K,上海颉硕信息科技有限公司,南京-玄武区,3-5年,大专,100-499人,民营,周末双休/五险一金/年底双薪/餐补/带薪年假,2019-04-23 11:47:40,
架构工程师,20K-30K,江苏爱同医养产业有限公司,南京,3-5年,本科,20-99人,民营,五险一金/周末双休/绩效奖金/定期体检/餐补,2019-04-22 13:43:08,
it工程师,8K-12K,江苏时讯捷通讯有限公司,南京,1-3年,大专,20-99人,民营,五险一金/带薪年假/定期体检/绩效奖金,2019-04-23 17:15:40,
安卓Android工程师,10K-15K,南京爱服优软件科技有限公司,南京-雨花台区,1-3年,不限,20-99人,民营,五险一金/绩效奖金,2019-04-23 16:42:23,
中级安卓研发工程师 ,12K-14K,江苏鼎集智能科技股份有限公司,南京-雨花台区,3-5年,本科,20-99人,股份制企业,五险一金/全勤奖/带薪年假,2019-04-21 17:58:09,
实施工程师,6K-9K,南京艾瑞特软件科技有限公司,南京,1-3年,大专,20-99人,民营,五险一金/餐补/通讯补助/带薪年假/定期体检,2019-04-24 16:10:07,
信息化专职,4K-6K,南京南瑞电力信息有限公司,南京,不限,本科,100-499人,国企,五险一金/年底双薪/加班补助/包住/交通补助,2019-04-24 16:58:13,
软件研发工程师,10K-15K,南京金固智慧市政研究院有限公司,南京,1-3年,本科,20-99人,民营,五险一金/餐补/交通补助,2019-04-22 11:23:23,
计算机软件相关岗（见职位描述）,8K-16K,南京拓界信息技术有限公司,南京,不限,本科,100-499人,民营,五险一金/年底双薪/加班补助/餐补/带薪年假,2019-04-23 13:34:07,
大数据工程师,8K-12K,西安行恒信息科技有限公司,南京-秦淮区,1-3年,本科,20-99人,民营,五险一金/带薪年假/加班补助/全勤奖,2019-04-23 13:35:08,
日语翻译日本就职/免税店/事务/酒店/bpo,10K-15K,大连日协教育信息咨询有限公司,南京,无经验,大专,100-499人,股份制企业,交通补助/五险一金,2019-04-22 10:54:53,
软件平台前端软件研发,薪资面议,国网电力科学研究院有限公司,南京,1-3年,本科,不限,国企,,2019-04-23 14:19:57,
实施工程师,6K-10K,南京高泰科技有限公司,南京,1-3年,本科,20-99人,民营,五险一金/餐补/通讯补助/定期体检/员工旅游,2019-04-22 10:44:20,
通信、建筑、自动化、电气、电子转IT工程师,8K-10K,南京良知行软件技术有限公司,南京,不限,大专,20-99人,民营,创业公司/周末双休/五险一金/年底双薪/不加班,2019-04-22 09:16:52,
测试工程师 包食宿160817,6K-8K,上海神技信息科技有限公司,南京,不限,不限,100-499人,民营,,2019-04-24 13:30:04,
渗透测试工程师-南京-华东(J10727),8K-15K,绿盟科技,南京-秦淮区,不限,本科,1000-9999人,股份制企业,绩效奖金/五险一金/餐补/通讯补助/定期体检,2019-04-24 09:06:39,
•项目经理,薪资面议,东华软件股份公司,南京,1-3年,本科,1000-9999人,上市公司,,2019-04-24 08:24:10,
 数据抓取工程师,薪资面议,东华软件股份公司,南京,1-3年,不限,1000-9999人,上市公司,,2019-04-24 08:24:09,
GIS研发工程师,10K-20K,速度时空信息科技股份有限公司,南京,1-3年,硕士,500-999人,民营,五险一金/节日福利/周末双休/带薪年假/意外险,2019-04-23 09:23:15,
图像算法工程师,15K-30K,亿嘉和科技股份有限公司,南京-雨花台区,1-3年,硕士,100-499人,民营,五险一金/交通补助/餐补/通讯补助/定期体检,2019-04-23 15:59:10,
汽车诊断工程师,8K-10K,上海德萨科电子技术有限公司,南京,不限,硕士,100-499人,外商独资,14薪/五险一金/周末双休/节日福利/员工旅游,2019-04-23 10:21:11,
软件工程师,6K-10K,南京高喜电子科技有限公司,南京-溧水区,3-5年,大专,100-499人,民营,五险一金/绩效奖金/加班补助/全勤奖/带薪年假,2019-04-24 08:38:51,
系统架构师,15K-30K,江苏保旺达软件技术有限公司,南京,5-10年,本科,100-499人,民营,每年多次调薪/五险一金/绩效奖金/交通补助/餐补,2019-04-24 13:33:28,
架构师,25K-35K,南京安杰信息科技有限公司,南京-江宁区,5-10年,本科,20-99人,民营,五险一金/全勤奖/带薪年假/员工旅游/通讯补助,2019-04-23 09:58:14,
高级软件工程师/软件项目经理/研发经理,10K-15K,南京二进制软件有限公司,南京-鼓楼区,3-5年,本科,20-99人,民营,五险一金/年底双薪/绩效奖金/全勤奖/餐补,2019-04-22 13:34:57,
系统软件工程师,10K-15K,光一科技股份有限公司,南京,3-5年,大专,500-999人,上市公司,,2019-04-22 15:22:29,
高级爬虫工程师,10K-20K,江苏畅远信息科技有限公司,南京-浦口区,3-5年,本科,20-99人,民营,周末双休/五险一金/绩效奖金/带薪年假/员工旅游,2019-04-22 15:50:39,
web前端工程师,5K-10K,南京无上信息科技有限公司,南京,1-3年,大专,20-99人,民营,五险一金/绩效奖金/餐补,2019-04-23 16:30:54,
研发工程师,8K-12K,江苏铠硕信息技术有限公司,南京-建邺区,3-5年,大专,20-99人,民营,五险一金/年底双薪/绩效奖金/交通补助/通讯补助,2019-04-22 08:59:47,
数据采集软件研发,薪资面议,国网电力科学研究院有限公司,南京,3-5年,本科,不限,国企,,2019-04-24 11:23:17,
无线lTE&物联网通信方向软件研发3,薪资面议,国网电力科学研究院有限公司,南京,3-5年,本科,不限,国企,,2019-04-24 11:08:02,
高级WEB系统工程师,8K-15K,南京东大智能化系统有限公司,南京-玄武区,3-5年,本科,100-499人,民营,五险一金/绩效奖金/交通补助/通讯补助/带薪年假,2019-04-24 10:06:55,
量子方向软件研发3,薪资面议,国网电力科学研究院有限公司,南京,3-5年,本科,不限,国企,,2019-04-24 11:18:59,
IMS业务应用方向软件研发3,薪资面议,国网电力科学研究院有限公司,南京,3-5年,本科,不限,国企,,2019-04-24 11:07:01,
测试工程师 做五休二170929,6K-8K,上海神技信息科技有限公司,南京,不限,不限,100-499人,民营,五险一金/年底双薪/绩效奖金/交通补助/餐补,2019-04-24 13:30:01,
研发工程师,8K-10K,靖江市旭飞安防工程有限公司,南京,1-3年,本科,100-499人,股份制企业,五险一金/绩效奖金/弹性工作/带薪年假/交通补助,2019-04-22 09:37:42,
系统架构师,15K-25K,南京伯索网络科技有限公司,南京,5-10年,本科,20-99人,民营,包吃/补充医疗保险/定期体检/员工旅游/节日福利,2019-04-22 09:55:39,
安全工具研发工程师,薪资面议,中兴通讯股份有限公司,南京-雨花台区,1-3年,本科,10000人以上,股份制企业,五险一金/餐补/免费班车/节日福利/绩效奖金,2019-04-23 10:19:05,
产品经理-消费者事业群-南京,10K-20K,科大讯飞股份有限公司,南京-建邺区,3-5年,本科,1000-9999人,股份制企业,五险一金/绩效奖金/餐补/定期体检/带薪年假,2019-04-23 16:15:34,
中级android工程师,薪资面议,东华软件股份公司,南京,3-5年,不限,1000-9999人,上市公司,,2019-04-24 08:24:22,
测试工程师 180705w,6K-8K,上海融铜信息科技有限公司,南京,不限,不限,100-499人,民营,,2019-04-24 15:14:13,
Android Framework工程师,12K-24K,江苏润和软件股份有限公司,南京-雨花台区,3-5年,本科,1000-9999人,民营,周末双休/五险一金/节日福利/餐补/定期体检,2019-04-23 14:09:54,
实施工程师（南京）,薪资面议,东华软件股份公司,南京-玄武区,1-3年,本科,1000-9999人,上市公司,上市公司/五险一金/年终奖/弹性工作,2019-04-24 15:04:58,
资深软件研发工程师,10K-20K,南京擎天科技有限公司,南京,3-5年,本科,500-999人,民营,节日福利/五险一金/绩效奖金/交通补助/餐补,2019-04-21 16:23:19,
项目组长,10K-14K,思创数码科技股份有限公司,南京,3-5年,本科,500-999人,股份制企业,五险一金/绩效奖金/加班补助/交通补助/餐补,2019-04-22 16:51:29,
研发项目经理（自主研发/上市公司）,10K-20K,南京擎天科技有限公司,南京,5-10年,大专,500-999人,民营,节日福利/五险一金/绩效奖金/交通补助/餐补,2019-04-21 16:24:09,
系统架构师,15K-20K,爱心人寿保险股份有限公司,南京-雨花台区,5-10年,本科,1000-9999人,股份制企业,五险一金/绩效奖金/包吃/交通补助/通讯补助,2019-04-23 10:44:01,
架构师,10K-20K,金现代信息产业股份有限公司,南京-鼓楼区,1-3年,本科,1000-9999人,民营,五险一金/年底双薪/包住/交通补助/员工旅游,2019-04-24 16:42:23,
高级前端工程师,15K-25K,深圳联想懂的通信有限公司,南京,3-5年,本科,100-499人,民营,五险一金/每年多次调薪/餐补/不加班/弹性工作,2019-04-23 10:50:37,
测试工程师,6K-10K,南京高泰科技有限公司,南京-鼓楼区,1-3年,本科,20-99人,民营,五险一金/餐补/交通补助/通讯补助/带薪年假,2019-04-22 10:44:20,
H5前端开发工程师,8K-10K,南京睿帆软件科技有限公司,南京-雨花台区,1-3年,大专,20-99人,民营,创业公司/五险一金/每年多次调薪/全勤奖/加班补助,2019-04-24 18:03:39,
电力系统方向软件研发,薪资面议,国网电力科学研究院有限公司,南京,3-5年,硕士,不限,国企,,2019-04-23 14:28:17,
区块链方向软件研发,薪资面议,国网电力科学研究院有限公司,南京,3-5年,硕士,不限,国企,,2019-04-23 14:28:03,
综合能源方向软件研发3,薪资面议,国网电力科学研究院有限公司,南京,1-3年,本科,不限,国企,,2019-04-23 14:07:12,
物流平台架构师（互联网）,20K-30K,江苏达科信息科技有限公司,南京-栖霞区,5-10年,本科,500-999人,民营,每年多次调薪/带薪年假/节日福利/五险一金/周末双休,2019-04-23 16:05:10,
运维工程师,4K-6K,南京福怡科技发展股份有限公司,南京-栖霞区,1-3年,大专,20-99人,股份制企业,五险一金/周末双休/每年多次调薪/节日福利/带薪年假,2019-04-22 17:15:52,
BSP工程师,15K-20K,上海擎感智能科技有限公司,南京-鼓楼区,不限,本科,100-499人,民营,五险一金/年底双薪/年终分红/餐补/带薪年假,2019-04-22 15:23:45,
python,10K-18K,飞友科技有限公司,南京,3-5年,本科,100-499人,民营,周末双休/五险一金/补充医疗保险/定期体检/员工旅游,2019-04-22 14:19:00,
WEB工程师,8K-10K,南京英莫特信息科技有限公司,南京,不限,大专,20-99人,民营,五险一金/带薪年假/弹性工作/定期体检/节日福利,2019-04-23 14:18:49,
自动化测试工程师,10K-20K,上海擎感智能科技有限公司,南京,5-10年,大专,100-499人,民营,五险一金/年底双薪/带薪年假/弹性工作/定期体检,2019-04-22 15:24:07,
IT主管,12K-20K,美药星(南京)制药有限公司,南京,不限,大专,100-499人,外商独资,五险一金/加班补助/交通补助/餐补/带薪年假,2019-04-23 15:08:19,
HJJCH-项目经理,7K-10K,深圳市博安达信息技术股份有限公司,南京-玄武区,1-3年,大专,100-499人,民营,周末双休/五险一金/绩效奖金/全勤奖/带薪年假,2019-04-24 08:50:18,
资深架构师,25K-35K,南京伯索网络科技有限公司,南京,10年以上,本科,20-99人,民营,包吃/补充医疗保险/定期体检/员工旅游/节日福利,2019-04-22 09:55:39,
项目经理/高级项目经理,8K-16K,南京大汉网络有限公司,南京-玄武区,不限,大专,500-999人,民营,,2019-04-22 09:24:58,
测试工程师-南京,6K-8K,中电福富信息科技有限公司,南京,1-3年,本科,1000-9999人,国企,,2019-04-23 09:06:22,
测试工程师 包食宿170829w,6K-8K,上海如创网络技术有限公司,南京,不限,不限,100-499人,民营,五险一金/年底双薪/绩效奖金/交通补助/餐补,2019-04-24 13:45:18,
大数据工程师,8K-15K,南京唯实科技有限公司,南京-建邺区,1-3年,本科,100-499人,民营,五险一金/年底双薪/加班补助/交通补助/餐补,2019-04-23 08:37:03,
技术主管,16K-18K,思创数码科技股份有限公司,南京,5-10年,本科,500-999人,股份制企业,五险一金/绩效奖金/加班补助/交通补助/餐补,2019-04-22 16:51:29,
软件工程师,5K-8K,思创数码科技股份有限公司,南京,1-3年,本科,500-999人,股份制企业,五险一金/绩效奖金/加班补助/交通补助/餐补,2019-04-22 16:51:29,
赴日软件工程师,15K-30K,アイピーエス株式会社,南京,不限,大专,20-99人,股份制企业,交通补助/周末双休/加班补助/带薪年假/弹性工作,2019-04-22 08:18:18,
实习生3000+可无经验+奖金/双休,4K-6K,南京达内为上信息技术有限公司,南京,不限,中专,1000-9999人,上市公司,住房补贴/五险一金/年底双薪/绩效奖金/加班补助,2019-04-24 19:47:46,
配用电监控方向软件研发,薪资面议,国网电力科学研究院有限公司,南京,3-5年,本科,不限,国企,,2019-04-23 14:13:53,
测试工程师,4.5K-7K,南京金水尚阳信息技术有限公司,南京-栖霞区,1-3年,大专,20-99人,民营,五险一金/定期体检/节日福利/年底双薪/餐补,2019-04-23 11:03:31,
软件测试工程师（南京鼓楼区）,10K-15K,南京优玛软件科技有限公司北京鸿信科创分公司,南京-鼓楼区,1-3年,本科,100-499人,民营,每年多次调薪/五险一金/年底双薪/绩效奖金/带薪年假,2019-04-22 15:27:39,
测试工程师 包食宿170904w,6K-8K,上海如创网络技术有限公司,南京,不限,不限,100-499人,民营,五险一金/年底双薪/绩效奖金/交通补助/餐补,2019-04-24 13:45:18,
测试工程师 包食宿170717,6K-8K,上海神技信息科技有限公司,南京,不限,不限,100-499人,民营,五险一金/年底双薪/绩效奖金/交通补助/餐补,2019-04-24 13:30:04,
网络信息安全工程师程师  五险一金190226,6K-8K,上海游瞿信息科技有限公司,南京,不限,不限,100-499人,其它,五险一金/绩效奖金/周末双休/全勤奖,2019-04-24 14:04:50,
能源互联网方向软件研发,薪资面议,国网电力科学研究院有限公司,南京,3-5年,本科,不限,国企,,2019-04-24 11:06:49,
软件测试工程师（南京鼓楼区）,10K-15K,南京优玛软件科技有限公司,南京-雨花台区,1-3年,本科,100-499人,股份制企业,五险一金/加班补助/定期体检/员工旅游/公司重点项目,2019-04-23 19:28:27,
高级android工程师,薪资面议,东华软件股份公司,南京,5-10年,不限,1000-9999人,上市公司,,2019-04-24 08:24:22,
高级JAVA工程师,10K-15K,上海尚强信息科技有限公司,南京,3-5年,本科,20-99人,民营,五险一金/定期体检/带薪年假/每年多次调薪/项目奖金,2019-04-23 14:46:30,
项目经理,15K-20K,北京银丰新融科技开发有限公司,南京,3-5年,大专,100-499人,外商独资,五险一金/年底双薪/餐补/通讯补助/带薪年假,2019-04-23 10:44:56,
电力物联网方向软件研发2,薪资面议,国网电力科学研究院有限公司,南京,3-5年,本科,不限,国企,,2019-04-23 14:13:01,
微信小程序发开工程师助理/实习生,4K-6K,江苏耀东文化传媒有限公司,南京,不限,大专,100-499人,民营,五险一金/年底双薪/绩效奖金/全勤奖/包住,2019-04-24 10:14:49,
运维工程师,10K-20K,南京云帐房网络科技有限公司,南京-雨花台区,5-10年,本科,100-499人,民营,节日福利/五险一金/年底双薪/股票期权/带薪年假,2019-04-22 15:27:18,
项目经理（上市公司/自主研发）,10K-20K,南京擎天科技有限公司,南京,5-10年,本科,500-999人,民营,节日福利/五险一金/绩效奖金/加班补助/交通补助,2019-04-21 16:23:19,
变电站自动化软件研发,薪资面议,国网电力科学研究院有限公司,南京,1-3年,本科,不限,国企,,2019-04-23 13:50:58,
供电服务方向软件研发,薪资面议,国网电力科学研究院有限公司,南京,1-3年,本科,不限,国企,,2019-04-23 14:06:52,
Android/iOS方向软件研发,薪资面议,国网电力科学研究院有限公司,南京,不限,本科,不限,国企,,2019-04-23 14:18:38,
RPA工程师,5K-6K,上海企源科技股份有限公司,南京,1-3年,本科,100-499人,合资,五险一金/节日福利,2019-04-22 09:38:57,
电力调度管理方向软件研发4,薪资面议,国网电力科学研究院有限公司,南京,3-5年,本科,不限,国企,,2019-04-24 11:15:59,
电力市场方向软件研发,薪资面议,国网电力科学研究院有限公司,南京,不限,本科,不限,国企,,2019-04-23 14:11:05,
日语翻译-日本温泉酒店/免税店/机场/奢侈品,10K-15K,辽宁语嫣商务信息咨询有限公司,南京,无经验,大专,20人以下,民营,14薪/无试用期/周末双休/年底双薪/绩效奖金,2019-04-24 08:29:19,
赴日软件开发,15K-30K,株式会社レッツ·ビジネスブレーン,南京,不限,大专,20-99人,外商独资,五险一金/交通补助/定期体检/住房补贴/带薪年假,2019-04-22 09:20:31,
java软件工程师,4K-5K,南京瑞玥科技有限公司,南京,不限,大专,100-499人,民营,五险一金/年底双薪/绩效奖金/餐补/带薪年假,2019-04-24 10:51:12,
云计算开发工程师,10K-15K,南京宜开数据分析技术有限公司,南京,1-3年,本科,20-99人,民营,五险一金/绩效奖金/带薪年假/定期体检/节日福利,2019-04-23 11:43:59,
爬虫工程师/python工程师,4K-6K,南京达内为上信息技术有限公司,南京,不限,中专,1000-9999人,外商独资,五险一金/年底双薪/绩效奖金/全勤奖/包吃,2019-04-24 09:07:49,
Android开发工程师,12K-20K,江苏创越医疗科技有限公司,南京-雨花台区,5-10年,本科,20-99人,民营,五险一金/通讯补助/餐补/交通补助/带薪年假,2019-04-22 10:48:42,
Java高级软件工程师,15K-20K,苏州朗拓软件有限公司南京分公司,南京-玄武区,3-5年,本科,100-499人,合资,五险一金/带薪年假/定期体检/节日福利,2019-04-22 17:50:56,
高级java工程师,10K-15K,上海幻棱信息科技有限公司南京分公司,南京,3-5年,大专,20-99人,民营,五险一金/绩效奖金/带薪年假/定期体检/周末双休,2019-04-22 14:00:58,
项目经理,8K-10K,上海中信信息发展股份有限公司,南京,1-3年,大专,1000-9999人,上市公司,餐补/五险一金/带薪年假,2019-04-23 12:59:10,
软件工程师,6K-10K,南京国臣直流配电科技有限公司,南京,1-3年,本科,20-99人,民营,五险一金/年底双薪/全勤奖/餐补/房补,2019-04-23 19:19:22,
ETL工程师,8K-15K,南京唯实科技有限公司,南京-建邺区,1-3年,本科,100-499人,民营,五险一金/绩效奖金/加班补助/全勤奖/交通补助,2019-04-23 08:37:04,
OA服务顾问HZ18022,5K-8K,鼎捷软件股份有限公司,南京,1-3年,本科,1000-9999人,上市公司,五险一金/绩效奖金/餐补/通讯补助/带薪年假,2019-04-24 09:06:40,
研发工程师,8K-10K,上海海得控制系统股份有限公司,南京,1-3年,本科,1000-9999人,上市公司,五险一金/交通补助/餐补/通讯补助/带薪年假,2019-04-22 12:48:04,
JAVA中高级程序员,校招,中磊电子(苏州)有限公司技术研发中心,南京,不限,大专,500-999人,外商独资,,2019-04-24 11:14:43,
高级软件工程师,14K-28K,南京三迭纪医药科技有限公司,南京,1-3年,本科,20人以下,合资,创业公司/周末双休/五险一金/年底双薪/绩效奖金,2019-04-24 17:54:37,
运维工程师(软件,6K-8K,南京赣商新能源科技有限公司,南京,1-3年,大专,20-99人,民营,五险一金/创业公司/带薪年假/节日福利,2019-04-24 15:59:15,
微服务架构师,20K-25K,南京圣唯思科技有限公司,南京,5-10年,本科,20-99人,民营,五险一金/加班补助/带薪年假/定期体检,2019-04-24 16:02:43,
公众号运营推广,6K-8K,才秀集团,南京,不限,大专,1000-9999人,股份制企业,五险一金/年底双薪/包吃/包住/交通补助,2019-04-24 21:00:17,
高级语音开发工程师,15K-30K,上海擎感智能科技有限公司,南京,5-10年,大专,100-499人,民营,五险一金/年底双薪/带薪年假/弹性工作/定期体检,2019-04-22 15:24:07,
flex工程师,8K-10K,南京圣唯思科技有限公司,南京,1-3年,本科,20-99人,民营,五险一金/带薪年假/节日福利/周末双休/定期体检,2019-04-24 16:02:57,
java,10K-15K,江苏艾盾网络科技有限公司,南京-鼓楼区,3-5年,本科,100-499人,民营,五险一金/绩效奖金/餐补/包吃/加班补助,2019-04-24 14:09:02,
android开发工程师,7K-12K,南京智杰物联科技股份有限公司,南京-江宁区,3-5年,本科,20-99人,民营,带薪年假/五险一金,2019-04-22 11:56:56,
高级移动前端开发工程师HL18004,8K-15K,鼎捷软件股份有限公司,南京,3-5年,本科,1000-9999人,上市公司,健身俱乐部/五险一金/餐补/通讯补助/带薪年假,2019-04-24 09:05:55,
增值产品开发工程师（应届生亦可）190218,6K-8K,上海如创网络技术有限公司,南京,不限,不限,100-499人,民营,周末双休/五险一金/绩效奖金/节日福利,2019-04-24 13:45:24,
网络工程师助理/系统管理员实习生/程序员（不限专业接受转行）,4K-6K,南京网燃网络科技有限公司,南京,不限,大专,100-499人,股份制企业,五险一金/年底双薪/绩效奖金/全勤奖/带薪年假,2019-04-24 17:57:49,
初级java工程师（南京）,7K-10K,北京开科唯识技术有限公司深圳分公司,南京-秦淮区,1-3年,大专,500-999人,民营,五险一金/周末双休/餐补/定期体检/带薪年假,2019-04-23 11:32:39,
高级软件工程师,8K-10K,南京安威德科技有限公司,南京,1-3年,本科,20-99人,股份制企业,五险一金/加班补助/免费班车/周末双休,2019-04-24 19:22:06,
高级软件工程师（Java）,10K-15K,南京中冠智能科技有限公司,南京,5-10年,本科,100-499人,民营,五险一金/绩效奖金,2019-04-22 16:14:19,
JAVA Engineer    Java 工程师,8K-15K,江苏四新科技应用研究所股份有限公司,南京,3-5年,本科,100-499人,上市公司,五险一金/全勤奖/交通补助/带薪年假/免费班车,2019-04-22 13:56:16,
赴日IT软件开发技术人员,13.2K-26.4K,湖北一片语科技有限公司,南京,不限,大专,20-99人,民营,五险一金/绩效奖金/加班补助/包住/交通补助,2019-04-24 11:48:40,
java中级工程师,8K-12K,南京金龙客车制造有限公司,南京-溧水区,3-5年,本科,1000-9999人,民营,免费班车/节日福利/餐补/包住/五险一金,2019-04-24 16:32:20,
java工程师,10K-20K,江苏省技术产权交易市场有限公司,南京,3-5年,本科,20-99人,国企,五险一金/餐补/交通补助/定期体检/节日福利,2019-04-23 14:37:21,
freeswitch开发,20K-35K,南京硅基智能科技有限公司,南京,5-10年,本科,100-499人,民营,创业公司/14薪/无试用期/绩效奖金/包吃,2019-04-23 09:48:41,
java后端,12K-20K,南京钟山虚拟现实技术研究院有限公司,南京,3-5年,本科,20-99人,民营,,2019-04-24 10:55:48,
java,10K-17K,深圳市德科信息技术有限公司南京分公司,南京,1-3年,大专,1000-9999人,股份制企业,周末双休/绩效奖金/每年多次调薪/节日福利/带薪年假,2019-04-23 18:27:42,
java工程师,10K-19K,深圳市德科信息技术有限公司南京分公司,南京,3-5年,大专,1000-9999人,股份制企业,周末双休/绩效奖金/每年多次调薪/节日福利/带薪年假,2019-04-23 18:33:24,
移动开发方向软件研发4,薪资面议,国网电力科学研究院有限公司,南京,3-5年,本科,不限,国企,,2019-04-24 11:13:59,
中国电机工程学会项目软件研发,薪资面议,国网电力科学研究院有限公司,南京,3-5年,本科,不限,国企,,2019-04-24 11:14:52,
电力调度管理方向软件研发3,薪资面议,国网电力科学研究院有限公司,南京,3-5年,本科,不限,国企,,2019-04-24 11:16:24,
运维安全管理辅助岗位,3K-5K,江苏省公安厅,南京,不限,本科,1000-9999人,国企,五险一金/补充医疗保险/全勤奖/餐补/绩效奖金,2019-04-23 16:35:05,
初级软件测试工程师,2.5K-5K,北京荣之联科技股份有限公司,南京-栖霞区,1年以下,本科,1000-9999人,上市公司,五险一金/绩效奖金/年终分红/节日福利,2019-04-23 12:16:38,
算法工程师,15K-20K,深圳市德科信息技术有限公司南京分公司,南京,3-5年,大专,1000-9999人,股份制企业,周末双休/绩效奖金/股票期权/每年多次调薪/五险一金,2019-04-23 10:06:40,
信息工程师,5.5K-8.5K,南京熊猫电子股份有限公司,南京,不限,本科,1000-9999人,国企,五险一金/绩效奖金/加班补助/带薪年假/定期体检,2019-04-22 11:37:45,
数据分析,8K-15K,南京唯实科技有限公司,南京-建邺区,1-3年,本科,100-499人,民营,五险一金/加班补助/全勤奖/交通补助/餐补,2019-04-23 08:37:04,
Java体系架构师,6K-8K,江苏大地消防设备成套工程有限公司,南京-秦淮区,3-5年,本科,20-99人,民营,绩效奖金/餐补/带薪年假/节日福利/周末双休,2019-04-24 09:13:36,
高级集成开发工程师,15K-20K,博信诚（北京）网络科技有限公司,南京-雨花台区,3-5年,本科,20-99人,民营,五险一金/年底双薪/交通补助/餐补/员工旅游,2019-04-22 17:52:53,
初级集成开发,10K-15K,博信诚（北京）网络科技有限公司,南京-雨花台区,1-3年,本科,20-99人,民营,五险一金/年底双薪/交通补助/餐补/员工旅游,2019-04-22 17:52:53,
erp开发工程师,10K-15K,南京拓界信息技术有限公司,南京,3-5年,本科,100-499人,民营,五险一金/年底双薪/加班补助/餐补/带薪年假,2019-04-23 13:34:07,
Java 工程师,5K-10K,惠龙易通国际物流股份有限公司,南京,1-3年,大专,500-999人,民营,五险一金/包住/免费班车/节日福利,2019-04-24 08:38:19,
研发工程师java,15K-20K,全椒明德软件科技有限公司,南京,1-3年,本科,20-99人,民营,五险一金/周末双休,2019-04-22 16:31:29,
JAVA高级工程师,7K-14K,南京大汉网络有限公司,南京-玄武区,不限,本科,500-999人,民营,,2019-04-22 09:22:25,
软件工程师,10K-15K,南京沃唐光电科技有限公司,南京,1-3年,本科,20-99人,民营,绩效奖金/全勤奖/餐补/定期体检/员工旅游,2019-04-24 19:00:20,
Java研发工程师（南京）,5K-10K,北京国欣数码科技有限公司,南京-浦口区,1-3年,本科,100-499人,民营,五险一金/年底双薪/包住/加班补助/餐补,2019-04-22 10:20:12,
后台研发工程师,10K-15K,南京三商电脑软件开发有限公司,南京,3-5年,本科,20-99人,外商独资,五险一金/年底双薪/加班补助/交通补助/餐补,2019-04-24 10:50:18,
开发经理（应用研发方向）,12K-15K,江苏南大先腾信息产业股份有限公司,南京,5-10年,本科,100-499人,上市公司,五险一金/绩效奖金/交通补助/餐补/带薪年假,2019-04-24 08:53:01,
自动化运维开发工程师,12K-18K,南京联成科技发展股份有限公司,南京,3-5年,本科,100-499人,民营,每年多次调薪/周末双休/五险一金/绩效奖金/交通补助,2019-04-24 08:59:50,
Java运行维护工程师,5K-10K,南京擎天科技有限公司,南京,1-3年,大专,500-999人,民营,节日福利/五险一金/绩效奖金/交通补助/餐补,2019-04-21 16:23:46,
南京Java,8K-10K,重庆软维科技有限公司,南京,3-5年,大专,100-499人,民营,五险一金/周末双休/节日福利/加班补助/带薪年假,2019-04-24 09:08:24,
JAVA软件研发,薪资面议,国网电力科学研究院有限公司,南京,3-5年,硕士,不限,国企,,2019-04-24 09:38:57,
Java高级软件工程师（南京）,15K-25K,南京和瑞供应链管理有限公司,南京,5-10年,本科,100-499人,民营,五险一金/带薪年假/定期体检/员工旅游/高温补贴,2019-04-23 09:49:26,
WEB前端开发可实习双休五险一金,6K-8K,南京达内为上信息技术有限公司,南京,不限,中专,1000-9999人,上市公司,住房补贴/五险一金/年底双薪/绩效奖金/加班补助,2019-04-24 08:51:18,
金蝶EAS软件开发,6K-10K,益客集团,南京,1-3年,本科,10000人以上,民营,五险一金/包住/节日福利/员工旅游,2019-04-22 08:41:01,
android软件工程师,8K-10K,南京威因特智能科技有限公司,南京,1-3年,本科,100-499人,股份制企业,五险一金/餐补/绩效奖金/带薪年假/周末双休,2019-04-24 00:51:25,
java高级软件工程师,10K-15K,江苏卡池电子商务有限公司,南京,5-10年,本科,20-99人,民营,五险一金/年底双薪/绩效奖金/交通补助/餐补,2019-04-23 17:14:31,
高级java软件工程师,12K-20K,南京唯实科技有限公司,南京-建邺区,5-10年,本科,100-499人,民营,五险一金/年底双薪/绩效奖金/交通补助/餐补,2019-04-24 09:00:27,
java工程师,15K-30K,南京硅基智能科技有限公司,南京,3-5年,本科,100-499人,民营,,2019-04-23 09:48:40,
高级JAVA软件工程师,12K-18K,上海弘人网络科技有限公司南京分公司,南京,3-5年,大专,20-99人,民营,五险一金/年底双薪/加班补助/带薪年假/弹性工作,2019-04-23 13:32:13,
java高级工程师,12K-15K,江苏盖闻网络科技有限公司,南京-雨花台区,3-5年,大专,100-499人,民营,五险一金/绩效奖金/员工旅游/节日福利/弹性工作,2019-04-22 10:22:30,
java技术经理,15K-23K,江苏暖光网络科技有限公司,南京,5-10年,本科,20-99人,民营,五险一金/带薪年假/节日福利/员工旅游,2019-04-22 09:05:07,
软件开发实习生,2K-4K,江苏慧禾融智信息技术有限公司,南京,不限,本科,20-99人,民营,五险一金/餐补/节日福利/带薪年假/加班补助,2019-04-20 13:22:20,
webgis开发工程师,10K-15K,南京国图信息产业有限公司,南京-建邺区,1-3年,本科,500-999人,民营,五险一金/绩效奖金/加班补助/交通补助/餐补,2019-04-21 18:55:56,
技术经理java方向,15K-20K,北京开科唯识技术有限公司深圳分公司,南京-秦淮区,5-10年,大专,500-999人,民营,五险一金/周末双休/餐补/定期体检/带薪年假,2019-04-23 11:32:57,
中级java工程师,10K-15K,北京联创智融信息技术有限公司上海分公司,南京,3-5年,本科,1000-9999人,上市公司,五险一金/节日福利/股票期权/年终分红/弹性工作,2019-04-22 10:42:52,
Java软件工程师,7K-11K,南京东禾自动化工程有限公司,南京-浦口区,3-5年,本科,20-99人,民营,五险一金/加班补助/餐补/交通补助/通讯补助,2019-04-23 00:50:29,
技术经理java方向,15K-20K,南京贝登医疗股份有限公司,南京-秦淮区,5-10年,大专,100-499人,民营,五险一金/绩效奖金/股票期权/带薪年假/定期体检,2019-04-24 13:26:22,
H5开发工程师,7K-13K,江苏南大先腾信息产业股份有限公司,南京,1-3年,大专,100-499人,上市公司,五险一金/交通补助/餐补/带薪年假/定期体检,2019-04-24 08:53:00,
android开发工程师（常驻南通）,8K-12K,南通祥福和网络科技有限公司,南京-雨花台区,1-3年,大专,20-99人,民营,创业公司/五险一金/包吃/包住/节日福利,2019-04-23 08:39:32,
赴日软件开发人员,15K-30K,株式会社レッツ·ビジネスブレーン,南京,不限,大专,20-99人,外商独资,五险一金/交通补助/定期体检/住房补贴,2019-04-22 09:19:13,
web前端,9K-18K,南京圣唯思科技有限公司,南京,3-5年,本科,20-99人,民营,,2019-04-24 21:50:08,
java研发工程师,15K-20K,北京瀚思安信科技有限公司,南京-江宁区,3-5年,本科,100-499人,民营,周末双休/餐补/弹性工作/节日福利/五险一金,2019-04-22 09:51:49,
高级java工程师,15K-20K,北京声迅电子股份有限公司,南京-栖霞区,5-10年,本科,100-499人,股份制企业,五险一金/通讯补助/餐补/加班补助/带薪年假,2019-04-22 10:08:54,
java中级工程师,8K-16K,南京三六零网络信息技术有限公司,南京,3-5年,本科,100-499人,民营,五险一金/带薪年假/员工旅游/定期体检/每年多次调薪,2019-04-23 08:55:28,
java工程师,7K-12K,江苏东交工程设计顾问有限公司,南京,3-5年,大专,100-499人,上市公司,,2019-04-24 09:49:10,
测试开发工程师,15K-30K,南京硅基智能科技有限公司,南京,不限,本科,100-499人,民营,,2019-04-23 09:48:58,
IT-软件开发工程师（OA方向）,6K-8K,吉宝通讯（南京）有限公司,南京-江宁区,3-5年,大专,10000人以上,外商独资,五险一金/包住/餐补/补充医疗保险/带薪年假,2019-04-24 09:03:08,
高级Java工程师,10K-20K,惠龙易通国际物流股份有限公司,南京,3-5年,本科,500-999人,民营,五险一金/包住/免费班车/节日福利,2019-04-24 08:38:14,
前端开发工程师,12K-16K,南京药育智能科技有限公司,南京,3-5年,本科,100-499人,民营,五险一金,2019-04-24 09:21:12,
CesiumJs三维GIS\threeJS BIM开发程师 ,8K-15K,太通建设有限公司,南京,1-3年,本科,100-499人,民营,包住/包吃/弹性工作/节日福利/周末双休,2019-04-24 17:29:25,
前端实习生,4K-6K,苏州云柯数据服务有限公司,南京-雨花台区,无经验,大专,100-499人,民营,五险一金/绩效奖金/包住/交通补助/全勤奖,2019-04-24 19:14:38,
中高级android开发工程师(001205),13K-25K,启迪国信科技有限公司,南京-雨花台区,3-5年,本科,100-499人,民营,,2019-04-24 10:50:45,
急招服务器开发工程师,8K-15K,深圳市德科信息技术有限公司南京分公司,南京,1-3年,大专,1000-9999人,股份制企业,周末双休/绩效奖金/每年多次调薪/节日福利/带薪年假,2019-04-23 17:29:47,
运维开发工程师,6K-8K,南京同庆科技有限公司,南京-玄武区,1-3年,大专,20-99人,民营,五险一金/包吃/包住/交通补助/房补,2019-04-23 13:06:16,
急招JAVA软件实习生(本科在读,技术储备),4K-6K,江苏耀东文化传媒有限公司,南京,不限,大专,100-499人,民营,五险一金/年底双薪/绩效奖金/全勤奖/包住,2019-04-24 10:14:49
Java初级程序员实习生助理,4K-6K,江苏耀东文化传媒有限公司,南京,不限,大专,100-499人,民营,五险一金/年底双薪/绩效奖金/全勤奖/包住,2019-04-24 10:14:50,
JAVA软件研发,薪资面议,国网电力科学研究院有限公司,南京,3-5年,本科,不限,国企,,2019-04-23 14:19:42,
Java实习生（18/19届）,3.5K-5K,南京德俊仁广告有限公司,南京,不限,大专,100-499人,民营,五险一金/周末双休/员工旅游/高温补贴/节日福利,2019-04-22 10:25:06,
软件研发工程师（JAVA中级）,9K-11K,南京名都智能科技有限公司,南京,3-5年,大专,100-499人,民营,五险一金/绩效奖金/加班补助/交通补助/餐补,2019-04-23 16:54:43,
手机APP软件开发工程师/助理（双休+餐补）,4K-6K,南京网燃网络科技有限公司,南京,不限,大专,100-499人,股份制企业,五险一金/年底双薪/绩效奖金/全勤奖/带薪年假,2019-04-22 13:47:39,
JAVA软件研发2,薪资面议,国网电力科学研究院有限公司,南京,不限,本科,不限,国企,,2019-04-23 14:17:16,
Java工程师,10K-15K,狄邦教育集团,南京-鼓楼区,1-3年,本科,1000-9999人,民营,五险一金/绩效奖金/餐补/带薪年假/补充医疗保险,2019-04-23 17:31:53,
JAVA软件工程师HZ14021,5K-8K,鼎捷软件股份有限公司,南京,不限,大专,1000-9999人,上市公司,五险一金/补充医疗保险/定期体检/节日福利/带薪年假,2019-04-24 09:06:33,
JAVA web工程师,8K-10K,江苏南大先腾信息产业股份有限公司,南京,1-3年,本科,100-499人,上市公司,五险一金/绩效奖金/交通补助/餐补/带薪年假,2019-04-24 08:52:59,
资深Java软件工程师,15K-20K,南京明鼎教育科技有限公司,南京-秦淮区,3-5年,本科,500-999人,民营,五险一金/年底双薪/绩效奖金/餐补/带薪年假,2019-04-23 18:12:14,
C#开发（2019届）,5K-7K,鼎捷软件股份有限公司,南京,无经验,本科,1000-9999人,上市公司,节日福利/五险一金/年底双薪/餐补/通讯补助,2019-04-24 09:07:24,
软件工程师（JAVA方向）,10K-15K,国睿科技股份有限公司,南京-江宁区,无经验,本科,1000-9999人,国企,周末双休/五险一金/年底双薪/绩效奖金/加班补助,2019-04-22 09:15:29,
ERP开发工程师,12K-15K,南京正大天晴制药有限公司,南京,1-3年,本科,1000-9999人,合资,五险一金/周末双休/交通补助/餐补/免费班车,2019-04-24 08:31:28,
java工程师,10K-20K,深圳市德科信息技术有限公司南京分公司,南京,3-5年,大专,1000-9999人,股份制企业,五险一金/全勤奖/带薪年假/节日福利/周末双休,2019-04-23 10:06:41,
Java资深软件工程师HZ18023,8K-16K,鼎捷软件股份有限公司,南京,3-5年,大专,1000-9999人,上市公司,五险一金/绩效奖金/餐补/带薪年假/补充医疗保险,2019-04-24 09:05:55,
急聘-java工程师,10K-20K,深圳市德科信息技术有限公司南京分公司,南京,3-5年,大专,1000-9999人,股份制企业,周末双休/绩效奖金/股票期权/每年多次调薪/五险一金,2019-04-23 10:06:40,
开发经理,15K-20K,江苏铠硕信息技术有限公司,南京-建邺区,5-10年,大专,20-99人,民营,五险一金/年底双薪/绩效奖金/交通补助/通讯补助,2019-04-22 08:59:47,
jsp开发工程师,8K-10K,南京安杰信息科技有限公司,南京,1-3年,本科,20-99人,民营,周末双休/五险一金/全勤奖/定期体检/员工旅游,2019-04-23 09:57:52,
JAVA工程师,10K-15K,南京紫金普惠商务咨询有限公司,南京,3-5年,本科,500-999人,民营,节日福利/五险一金/绩效奖金/交通补助/餐补,2019-04-22 11:39:40,
高级研发工程师（java),15K-20K,全椒明德软件科技有限公司,南京,5-10年,本科,20-99人,民营,五险一金/周末双休,2019-04-22 16:41:20,
java软件工程师,8K-15K,南京亚信网络科技有限公司,南京-雨花台区,3-5年,本科,1000-9999人,民营,五险一金/带薪年假/弹性工作/免费班车/节日福利,2019-04-23 09:37:52,
Android开发工程师,12K-24K,北京顺源开华科技有限公司,南京-建邺区,3-5年,本科,100-499人,民营,免费班车/员工旅游/五险一金/带薪年假/弹性工作,2019-04-24 17:08:12,
web前端初级工程师,8K-16K,南京麦思伦信息科技有限公司,南京,1-3年,本科,100-499人,民营,五险一金/绩效奖金/带薪年假/节日福利/免费班车,2019-04-24 19:07:28,
多媒体软件开发工程师,8K-10K,南京思德展示科技股份有限公司,南京,1-3年,大专,100-499人,股份制企业,绩效奖金/节日福利/交通补助/餐补/通讯补助,2019-04-24 09:20:19,
java高级工程师,15K-20K,爬山虎科技股份有限公司,南京-江宁区,5-10年,本科,100-499人,民营,五险一金/绩效奖金/年终分红,2019-04-23 19:06:28,
软件开发工程师,8K-16K,江苏谷峰电力科技股份有限公司,南京,1-3年,本科,100-499人,民营,节日福利/五险一金/带薪年假/弹性工作/公司重点项目,2019-04-23 14:03:02,
java高级软件工程师（南京）,8K-11K,南京瑞玥科技有限公司,南京-鼓楼区,3-5年,大专,100-499人,民营,五险一金/年底双薪/绩效奖金/餐补/带薪年假,2019-04-24 10:51:10,
java工程师,6K-8K,江苏东交工程设计顾问有限公司,南京,1-3年,大专,100-499人,上市公司,五险一金/交通补助/餐补/通讯补助/节日福利,2019-04-24 09:49:10,
android开发工程师,8K-15K,南京名都智能科技有限公司,南京,1-3年,本科,100-499人,民营,周末双休/五险一金/带薪年假/员工旅游/节日福利,2019-04-23 16:54:43,
MES工程师,7K-10K,安施德(上海)商务咨询有限公司,南京-溧水区,1-3年,本科,1000-9999人,外商独资,五险一金/通讯补助/带薪年假/定期体检/员工旅游,2019-04-24 19:15:30,
研发工程师(JAVA),12.5K-25K,小沃科技有限公司,南京-建邺区,3-5年,本科,100-499人,国企,五险一金/绩效奖金/交通补助/通讯补助/带薪年假,2019-04-21 13:14:53,
Java工程师,8K-12K,江苏铠硕信息技术有限公司,南京-建邺区,3-5年,大专,20-99人,民营,五险一金/年底双薪/绩效奖金/交通补助/通讯补助,2019-04-22 08:59:47,
地理信息GIS软件开发工程师,4K-6K,江苏启飞应用航空科技有限公司,南京,3-5年,本科,20-99人,民营,创业公司/五险一金/年底双薪/绩效奖金/节日福利,2019-04-23 10:58:33,
android开发工程师,10K-15K,深圳极联信息技术股份有限公司,南京,3-5年,大专,100-499人,不限,员工旅游/节日福利/五险一金/绩效奖金/带薪年假,2019-04-24 13:12:09,
java工程师,8K-10K,江苏百锐金融信息服务有限公司,南京,3-5年,本科,20-99人,民营,缴纳五险/节日福利/定期团建/公司重点项目,2019-04-22 19:50:39,
 java高级工程师,16K-25K,南京微伊猫珠宝有限公司,南京,5-10年,本科,100-499人,民营,健身俱乐部/绩效奖金/加班补助/员工旅游/周末双休,2019-04-23 10:42:34,
移动前端开发工程师,9K-12K,江苏建威建设管理有限公司,南京,3-5年,大专,100-499人,股份制企业,,2019-04-23 10:45:38,
java高级工程师,10K-18K,南京金龙客车制造有限公司,南京-溧水区,5-10年,本科,1000-9999人,民营,免费班车/节日福利/餐补/包住/五险一金,2019-04-24 16:32:21,
中级C++软件开发工程师,10K-15K,航天壹进制(南京)数据科技有限公司,南京,3-5年,本科,100-499人,国企,五险一金/年底双薪/加班补助/交通补助/餐补,2019-04-23 09:34:43,
Android开发工程师,7K-10K,郑州一迅软件科技有限公司,南京,1-3年,大专,20-99人,民营,五险一金,2019-04-24 08:54:33,
java高级工程师,12K-16K,南京三六零网络信息技术有限公司,南京,5-10年,本科,100-499人,民营,五险一金/带薪年假/员工旅游/定期体检/每年多次调薪,2019-04-23 08:55:28,
服务器端开发工程师,10K-18K,江苏易启策网络科技有限公司,南京,3-5年,本科,20人以下,民营,五险一金/加班补助/带薪年假/弹性工作/节日福利,2019-04-20 00:50:30,
java中级工程师,10K-15K,爬山虎科技股份有限公司,南京-江宁区,3-5年,本科,100-499人,民营,创业公司/五险一金/绩效奖金/节日福利,2019-04-22 19:23:51,
Android应用开发工程师,6K-12K,南京英莫特信息科技有限公司,南京,1-3年,大专,20-99人,民营,五险一金/节日福利/带薪年假,2019-04-23 14:18:49,
Java高级研发工程师,12K-15K,江苏鼎集智能科技股份有限公司,南京-雨花台区,5-10年,本科,20-99人,股份制企业,,2019-04-21 17:40:43,
高级测试工程师,15K-20K,厦门纳龙科技有限公司,南京,5-10年,本科,100-499人,民营,周末双休/五险一金/年底双薪/绩效奖金/带薪年假,2019-04-24 09:02:50,
软件测试工程师,6K-10K,南京恒歌零一信息科技有限公司,南京,1-3年,本科,20-99人,民营,五险一金/绩效奖金/定期体检/员工旅游/节日福利,2019-04-24 14:12:33,
软件工程师java,7.5K-15K,江苏格睿特信息科技有限公司,南京,3-5年,本科,20-99人,股份制企业,五险一金/绩效奖金/餐补/不加班/周末双休,2019-04-22 13:29:23,
安卓开发实习生,2K-4K,南京汇昱达文化传媒有限公司,南京,无经验,本科,20-99人,民营,五险一金/绩效奖金/全勤奖/带薪年假/定期体检,2019-04-22 09:41:26,
java工程师,6.5K-8K,江苏东交工程设计顾问有限公司,南京-栖霞区,1-3年,大专,100-499人,上市公司,五险一金/交通补助/餐补/通讯补助/补充医疗保险,2019-04-24 09:49:10,
大数据开发工程师,9K-17K,杭州三汇数字信息技术有限公司南京分公司,南京-雨花台区,1年以下,本科,1000-9999人,民营,节日福利/14薪/五险一金/交通补助/餐补,2019-04-24 13:28:15,
嵌入式/C++/开发方向实习生,4K-6K,苏州达内信息科技有限公司,南京,不限,中专,1000-9999人,上市公司,五险一金/年底双薪/绩效奖金/全勤奖/加班补助,2019-04-24 08:42:35,
高级软件工程（JAVA）,薪资面议,烽火通信科技股份有限公司,南京,3-5年,本科,10000人以上,国企,,2019-04-22 09:49:33,
java开发工程师,20K-30K,南京航空航天大学,南京,1-3年,硕士,1000-9999人,事业单位,五险一金/弹性工作/项目奖金/试用期全额,2019-04-24 16:08:29,
软件开发工程师（行情服务器）,薪资面议,东方财富信息股份有限公司,南京,不限,本科,1000-9999人,上市公司,周末双休/五险一金/绩效奖金/带薪年假/定期体检,2019-04-24 12:12:36,
JAVA工程师,12K-20K,苏州朗拓软件有限公司南京分公司,南京-玄武区,3-5年,本科,100-499人,合资,五险一金/带薪年假/定期体检/节日福利,2019-04-24 11:19:48,
java,薪资面议,中软国际科技服务有限公司深圳分公司,南京-玄武区,3-5年,本科,10000人以上,上市公司,五险一金/绩效奖金/节日福利/每年多次调薪/全额公积金,2019-04-23 10:22:10,
Java工程师,5K-10K,南京嘉腾维新软件有限公司,南京,1-3年,本科,100-499人,外商独资,五险一金/年底双薪/交通补助/餐补/带薪年假,2019-04-24 10:02:22,
java高级工程师,8K-15K,北京先进数通信息技术股份公司,南京,3-5年,本科,1000-9999人,股份制企业,五险一金/年底双薪/餐补/通讯补助/带薪年假,2019-04-24 10:16:41,
增值产品开发工程师（做五休二）190225,6K-8K,上海如创网络技术有限公司,南京,不限,不限,100-499人,民营,周末双休/五险一金/绩效奖金/节日福利,2019-04-24 13:44:43,
android开发工程师,7K-12K,南京智杰物联科技股份有限公司,南京-江宁区,3-5年,本科,20-99人,民营,带薪年假/五险一金,2019-04-22 11:56:56,
转行IT开发学徒/软件测试实习生,4K-6K,南京正诺软件技术有限公司,南京,不限,大专,100-499人,民营,14薪/五险一金/绩效奖金/每年多次调薪/年底双薪,2019-04-23 10:06:49,
诚聘Java讲师,10K-15K,北大青鸟南京协同校区,南京-玄武区,3-5年,本科,100-499人,民营,五险一金/绩效奖金/全勤奖/餐补/带薪年假,2019-04-22 14:02:06,
java工程师,4K-6K,南京融域金融信息服务有限公司,南京,1年以下,大专,20-99人,民营,五险一金/周末双休/定期体检/高温补贴/绩效奖金,2019-04-20 19:55:20,
实习生网络游戏测试体验员,4K-6K,南京达内为上信息技术有限公司,南京,不限,中专,1000-9999人,外商独资,五险一金/年底双薪/绩效奖金/包住/包吃,2019-04-24 11:07:03,
java,10K-12K,南京卓力昕汽车服务股份有限公司,南京-秦淮区,3-5年,大专,20-99人,民营,五险一金/绩效奖金/交通补助/通讯补助/带薪年假,2019-04-24 19:11:04,
android开发工程师,15K-20K,江苏鑫合易家信息技术有限责任公司,南京,1-3年,本科,20-99人,合资,五险一金/绩效奖金/餐补/通讯补助/带薪年假,2019-04-22 09:33:10,
java研发工程师,15K-30K,孩子王儿童用品股份有限公司,南京-江宁区,3-5年,本科,10000人以上,民营,五险一金/绩效奖金/餐补/带薪年假/定期体检,2019-04-24 11:26:49,
软件开发工程师（中级）,6K-10K,北京国研数通软件技术有限公司南京分公司,南京,3-5年,本科,20-99人,国企,五险一金/补充医疗保险/定期体检,2019-04-24 10:00:28,
开发工程师,6K-10K,南京泰瑞信息技术有限公司,南京,3-5年,本科,100-499人,民营,五险一金,2019-04-24 09:04:28,
软件开发工程师,15K-30K,常宁数据产业(常州)有限公司,南京-鼓楼区,3-5年,本科,100-499人,合资,创业公司/五险一金/绩效奖金/交通补助/通讯补助,2019-04-24 09:27:47,
软件开发,10K-20K,常宁数据产业(常州)有限公司,南京-鼓楼区,不限,本科,100-499人,合资,创业公司/五险一金/绩效奖金/交通补助/通讯补助,2019-04-24 09:27:47,
java工程师,7K-13K,江苏辉海信息科技有限公司,南京-江宁区,1-3年,大专,20-99人,民营,五险一金/年底双薪/加班补助/带薪年假/补充医疗保险,2019-04-24 09:11:02,
Java高级开发工程师,20K-30K,南京航空航天大学,南京,1-3年,硕士,1000-9999人,事业单位,五险一金/弹性工作/项目奖金/试用期全额,2019-04-24 16:03:05,
前端开发,6K-8K,南京宝玮科技有限公司,南京-鼓楼区,1-3年,大专,100-499人,民营,五险一金/绩效奖金/年终分红/加班补助/带薪年假,2019-04-24 10:11:00,
Java高级开发工程师,10K-18K,南京艾联科通讯科技有限公司,南京,5-10年,本科,20-99人,外商独资,五险一金/股票期权/交通补助/通讯补助/带薪年假,2019-04-22 10:34:29,
Java高级开发工程师,10K-15K,江苏户传科技有限公司,南京,3-5年,本科,20-99人,民营,五险一金/绩效奖金/定期体检/带薪年假/节日福利,2019-04-24 08:50:13,
Java开发工程师(实习),4K-6K,南京正诺软件技术有限公司,南京,不限,大专,100-499人,民营,14薪/五险一金/绩效奖金/每年多次调薪/年底双薪,2019-04-23 10:06:49,
JAVA开发工程师,7K-10K,南京云朗软件有限公司,南京,3-5年,大专,20-99人,民营,五险一金/年底双薪/绩效奖金/年终分红/全勤奖,2019-04-23 11:15:28,
java开发工程师,10K-18K,南京先越信息科技有限公司,南京,5-10年,大专,100-499人,民营,五险一金/加班补助/节日福利,2019-04-22 10:54:09,
初级Java开发工程师/Java实习生,4K-6K,南京正诺软件技术有限公司,南京,不限,大专,100-499人,民营,14薪/五险一金/绩效奖金/每年多次调薪/年底双薪,2019-04-23 10:06:49,
Java开发实习生/java开发助理/java程序员,4K-6K,南京正诺软件技术有限公司,南京,不限,大专,100-499人,民营,14薪/五险一金/绩效奖金/每年多次调薪/年底双薪,2019-04-23 10:06:49,
JAVA开发工程师-南京,8K-15K,中电福富信息科技有限公司,南京,1-3年,本科,1000-9999人,国企,,2019-04-23 08:49:34,
java开发工程师,6K-8K,北京信奇视界科技有限公司,南京-鼓楼区,1-3年,本科,100-499人,民营,五险一金/年终分红/餐补/带薪年假,2019-04-22 18:14:52,
java开发工程师,8K-15K,上海中信信息发展股份有限公司,南京,3-5年,本科,1000-9999人,上市公司,五险一金/周末双休/餐补/高温补贴/节日福利,2019-04-23 12:58:44,
初中级java开发工程师,9K-16K,南京亚信网络科技有限公司,南京-雨花台区,1-3年,本科,1000-9999人,民营,五险一金/绩效奖金/房补/餐补/交通补助,2019-04-23 09:38:13,
java服务器开发工程师,8K-10K,南京讯卡网络科技有限公司,南京-雨花台区,3-5年,大专,20-99人,民营,五险一金,2019-04-22 10:32:10,
资深java开发工程师,10K-15K,南京星通北斗软件技术有限公司,南京,3-5年,本科,20-99人,股份制企业,五险一金/绩效奖金/全勤奖/交通补助/带薪年假,2019-04-24 13:56:56,
JAVA开发（2019届）,5K-7K,鼎捷软件股份有限公司,南京,不限,本科,1000-9999人,上市公司,节日福利/五险一金/年底双薪/餐补/通讯补助,2019-04-24 09:06:34,
数据开发工程师（2020届实习）,2K-4K,焦点科技股份有限公司,南京,无经验,本科,1000-9999人,上市公司,包吃/免费班车,2019-04-23 09:35:57,
总部-安卓开发工程师-2019届应届生,4K-8K,孩子王儿童用品股份有限公司,南京,不限,本科,10000人以上,民营,节日福利/五险一金/绩效奖金/餐补/通讯补助,2019-04-24 11:25:56,
软件开发中级工程师（IOS）,10K-15K,福建新大陆软件工程有限公司,南京,3-5年,本科,1000-9999人,民营,节日福利/五险一金/年底双薪/绩效奖金/通讯补助,2019-04-24 13:49:49,
软件开发工程师（2020届实习）,2K-4K,焦点科技股份有限公司,南京,无经验,本科,1000-9999人,上市公司,包吃/免费班车,2019-04-23 09:34:08,
国企直招Java开发工程师 高薪稳定,4K-6K,南京正诺软件技术有限公司,南京,不限,大专,100-499人,民营,14薪/五险一金/绩效奖金/每年多次调薪/年底双薪,2019-04-23 10:06:49,
中级Java开发工程师（工作地点-南京）,10K-20K,上海捷奥软件股份有限公司,南京,3-5年,本科,100-499人,民营,五险一金/项目奖金/晋升空间/定期体检/带薪年假,2019-04-24 17:00:13,
java开发,6K-8K,南京博盛医疗管理有限公司,南京,1-3年,大专,100-499人,民营,节日福利/绩效奖金/餐补/房补/带薪年假,2019-04-24 12:24:09,
Java 中级开发工程师,10K-15K,南京明鼎教育科技有限公司,南京,3-5年,本科,500-999人,民营,五险一金/绩效奖金/餐补,2019-04-23 18:12:14,
java开发工程师,6K-12K,山东昭元信息科技有限公司,南京,3-5年,大专,20-99人,其它,五险一金/绩效奖金/餐补/通讯补助/定期体检,2019-04-23 13:44:21,
JAVA开发工程师 （华为业务线）,4K-6K,南京正诺软件技术有限公司,南京,不限,大专,100-499人,民营,14薪/五险一金/绩效奖金/每年多次调薪/年底双薪,2019-04-23 09:25:55,
Java开发工程师,6K-10K,南京儒道科技有限公司,南京-秦淮区,1-3年,不限,20-99人,民营,餐补/通讯补助/弹性工作/加班补助/五险一金,2019-04-22 09:08:44,
Java开发工程师,6K-10K,南京泛盈信息科技有限公司,南京,1-3年,本科,20-99人,民营,五险一金/年底双薪/带薪年假/定期体检/节日福利,2019-04-23 17:27:15,
中级java开发工程师（南京）,10K-15K,北京开科唯识技术有限公司深圳分公司,南京-秦淮区,3-5年,大专,500-999人,民营,五险一金/周末双休/餐补/定期体检/带薪年假,2019-04-23 11:32:39,
高级java开发工程师,14K-20K,江苏盈达信息技术有限公司,南京-建邺区,3-5年,本科,100-499人,民营,五险一金/交通补助/餐补/补充医疗保险/定期体检,2019-04-22 10:58:11,
java开发工程师+六险一金+双休+各类补贴,8K-10K,江苏萨芳纳健康科技有限公司,南京,3-5年,大专,20-99人,合资,周末双休/交通补助/五险一金/节日福利/免费班车,2019-04-21 21:03:51,
可实习JAVA开发工程师,5K-8K,南京良知行软件技术有限公司,南京-雨花台区,不限,大专,20-99人,民营,五险一金/绩效奖金/带薪年假/定期体检/员工旅游,2019-04-22 09:17:20,
高级java开发工程师,12K-18K,南京泛盈信息科技有限公司,南京,3-5年,本科,20-99人,民营,年底双薪/节日福利/五险一金/定期体检,2019-04-23 17:27:27,
java开发工程师,8K-15K,北京铭泰金科信息技术有限公司,南京-建邺区,1-3年,本科,500-999人,民营,五险一金/绩效奖金/餐补/带薪年假,2019-04-23 15:48:24,
JAVA开发工程师,8K-10K,郑州一迅软件科技有限公司,南京,1-3年,大专,20-99人,民营,五险一金/节日福利,2019-04-24 08:54:23,
java开发工程师,8K-10K,南京金寓信息科技有限公司,南京,1-3年,本科,20-99人,民营,五险一金/周末双休/绩效奖金/年终分红/带薪年假,2019-04-23 14:54:16,
Java开发实习生(2019应届生),2.5K-5K,北京荣之联科技股份有限公司,南京-栖霞区,1年以下,大专,1000-9999人,上市公司,五险一金/绩效奖金/年终分红/节日福利,2019-04-23 12:16:38,
Java开发实习生（在校生）,1K-2K,北京荣之联科技股份有限公司,南京-栖霞区,不限,本科,1000-9999人,上市公司,五险一金/带薪年假/免费班车/员工旅游/交通补助,2019-04-23 12:16:38,
Java开发工程师,10K-15K,郑州昱睿软件科技有限公司,南京,3-5年,本科,20-99人,民营,定期体检/补充医疗保险/节日福利/员工旅游/年底双薪,2019-04-24 10:07:01,
java开发工程师,5K-8K,江苏大众书局商务服务有限公司,南京,1-3年,大专,20-99人,股份制企业,五险一金/周末双休/节日福利,2019-04-24 08:50:23,
双休五险一金聘高级Java开发,15K-20K,南京索真信息技术有限公司,南京-浦口区,5-10年,大专,100-499人,民营,五险一金/交通补助/餐补/带薪年假/弹性工作,2019-04-22 11:18:30,
java开发工程师,10K-15K,南京胤弘菱信息技术有限公司,南京,1-3年,大专,20-99人,民营,免息房贷/五险一金/绩效奖金/股票期权/弹性工作,2019-04-22 09:00:05,
Java开发工程师,4K-6K,华阳保险销售有限公司江苏分公司,南京,不限,不限,10000人以上,其它,,2019-04-21 19:52:38,
java开发工程师,8K-10K,上海海得控制系统股份有限公司,南京,1-3年,大专,1000-9999人,上市公司,,2019-04-22 12:47:41,
java高级开发工程师,10K-20K,南京中兴力维软件有限公司,南京-江宁区,1-3年,本科,1000-9999人,合资,交通补助/餐补/带薪年假/定期体检/六险一金,2019-04-24 09:59:13,
JAVA开发工程师,10K-15K,高弗特科技股份(上海)有限公司,南京-雨花台区,3-5年,本科,20-99人,股份制企业,五险一金/餐补/节日福利/带薪年假,2019-04-23 15:21:16,
java开发工程师,4K-8K,南京汇昱达文化传媒有限公司,南京,1-3年,本科,20-99人,民营,五险一金/绩效奖金/全勤奖/带薪年假/定期体检,2019-04-22 09:41:26,
JAVA开发软件工程师双休,8K-10K,江苏瑞祥商务有限公司,南京-秦淮区,不限,本科,100-499人,股份制企业,五险一金/年底双薪/定期体检/节日福利/绩效奖金,2019-04-22 13:13:35,
JAVA开发工程师,8K-15K,德讯科技股份有限公司,南京,3-5年,大专,100-499人,股份制企业,周末双休/五险一金/年底双薪/绩效奖金/餐补,2019-04-22 10:04:04,
实习嵌入式/Java/php开发助理,4K-6K,南京华信智原教育科技有限公司,南京,不限,大专,100-499人,民营,五险一金/年底双薪/绩效奖金/加班补助/全勤奖,2019-04-23 10:21:36,
高级Java开发工程师-南京,10K-15K,北京开科唯识技术有限公司深圳分公司,南京-玄武区,5-10年,本科,500-999人,民营,五险一金/周末双休/餐补/定期体检/每年多次调薪,2019-04-23 11:32:22,
Java开发工程师,10K-15K,北京红云融通技术有限公司,南京,3-5年,本科,100-499人,民营,五险一金/带薪年假/弹性工作/补充医疗保险/定期体检,2019-04-22 09:57:27,
java开发工程师,8K-15K,北京科瑞明软件有限公司,南京,3-5年,本科,100-499人,民营,五险一金/餐补/带薪年假/定期体检/员工旅游,2019-04-22 10:24:24,
java开发工程师,10K-15K,赞同科技股份有限公司,南京-鼓楼区,3-5年,本科,1000-9999人,民营,五险一金/餐补/通讯补助,2019-04-22 14:24:00,
Java开发工程师HL18001,6K-12K,鼎捷软件股份有限公司,南京,1-3年,本科,1000-9999人,上市公司,健身俱乐部/五险一金/餐补/通讯补助/带薪年假,2019-04-24 09:06:38,
java开发工程师,5K-8K,南京明锐商贸有限公司,南京,不限,大专,500-999人,民营,14薪/周末双休/五险一金/年底双薪/房补,2019-04-24 13:14:03,
资深java开发项目经理技术经理 ,20K-28K,舟谱数据技术南京有限公司,南京,5-10年,本科,100-499人,民营,五险一金/绩效奖金/股票期权/弹性工作/员工旅游,2019-04-23 10:28:33,
java开发初级工程师,4K-6K,南京明锐商贸有限公司,南京-玄武区,不限,大专,500-999人,民营,14薪/周末双休/五险一金/年底双薪/房补,2019-04-24 13:14:03,
Java开发工程师（南京）,7K-11K,上海浩方信息技术有限公司,南京-玄武区,1-3年,大专,100-499人,民营,五险一金/加班补助/带薪年假/弹性工作/定期体检,2019-04-23 10:32:12,
Java 前后端开发 大数据,12K-16K,南京亚信网络科技有限公司,南京,3-5年,本科,1000-9999人,民营,五险一金/绩效奖金/房补/餐补/交通补助,2019-04-23 09:38:13,
初级Java开发工程师-南京,8K-10K,北京开科唯识技术有限公司深圳分公司,南京-玄武区,1-3年,本科,500-999人,民营,五险一金/周末双休/餐补/定期体检/每年多次调薪,2019-04-23 11:32:22,
软件开发工程师（C++/java）,8K-15K,航天壹进制(南京)数据科技有限公司,南京-秦淮区,1-3年,本科,100-499人,国企,五险一金/年底双薪/绩效奖金/年终分红/餐补,2019-04-23 09:34:43,
java开发工程师,10K-15K,北京中软联动科技有限公司,南京,1-3年,本科,100-499人,股份制企业,五险一金/加班补助/弹性工作/不加班/节日福利,2019-04-24 09:27:48,
java软件开发工程师,10K-15K,深圳市德科信息技术有限公司南京分公司,南京,3-5年,大专,1000-9999人,股份制企业,周末双休/绩效奖金/每年多次调薪/五险一金/节日福利,2019-04-22 09:20:11,
JAVA软件开发工程师,6K-10K,广东涌浪网络技术有限公司,南京-鼓楼区,1-3年,本科,100-499人,其它,五险一金/餐补/带薪年假/高温补贴/周末双休,2019-04-22 10:50:37,
java开发工程师,6K-10K,北京云融天下科技有限公司,南京-建邺区,3-5年,大专,100-499人,民营,五险一金/补充医疗保险/带薪年假/通讯补助/餐补,2019-04-22 15:31:57,
高级Java开发工程师HL18002,8K-12K,鼎捷软件股份有限公司,南京,3-5年,本科,1000-9999人,上市公司,健身俱乐部/五险一金/餐补/通讯补助/带薪年假,2019-04-24 09:05:56,
项目经理（高级JAVA开发）,10K-15K,南京壹佳壹网络科技有限公司,南京,3-5年,大专,100-499人,民营,五险一金/员工旅游/节日福利/弹性工作,2019-04-24 15:11:15,
高级Java开发工程师,12K-20K,南京擎盾信息科技有限公司,南京-雨花台区,1-3年,本科,100-499人,民营,五险一金/绩效奖金/加班补助/节日福利/创业公司,2019-04-23 14:05:55,
java开发工程师,12K-18K,苏州首创嘉净环保科技股份有限公司,南京-浦口区,3-5年,本科,100-499人,股份制企业,五险一金/年底双薪/绩效奖金/带薪年假/免费班车,2019-04-22 14:36:44,
Java开发工程师,6K-10K, 北京世纪安图数码科技发展有限责任公司 ,南京,3-5年,本科,100-499人,合资,餐补/带薪年假/节日福利/周末双休/绩效奖金,2019-04-23 11:16:05,
JAVA开发工程师/JAVA程序员,8K-16K,北京思诺博信息技术股份有限公司,南京,3-5年,本科,100-499人,合资,节日福利/五险一金/年底双薪/绩效奖金/通讯补助,2019-04-24 15:45:29,
JAVA开发工程师,7K-14K,厦门至恒融兴信息技术有限公司上海分公司,南京,不限,本科,500-999人,民营,周末双休/五险一金/年底双薪/股票期权/餐补,2019-04-22 15:04:38,
java开发工程师,6K-8K,北京思迪康泰科技有限公司,南京-建邺区,1年以下,本科,100-499人,合资,五险一金/带薪年假/节日福利,2019-04-24 10:31:49,
JAVA开发工程师,6K-12K,信雅达系统工程股份有限公司,南京,不限,本科,1000-9999人,上市公司,节日福利/五险一金/餐补/带薪年假/定期体检,2019-04-24 14:12:42,
java开发工程师,4K-8K,南京莱克贝尔信息技术有限公司,南京,不限,大专,20-99人,民营,餐补/五险一金/绩效奖金/带薪年假/节日福利,2019-04-24 12:12:19,
JAVA开发工程师,8K-15K,南京唯实科技有限公司,南京-建邺区,1-3年,本科,100-499人,民营,五险一金/年底双薪/绩效奖金/加班补助/交通补助,2019-04-24 09:00:27,
JAVA开发工程师,4.5K-9K,南京大汉网络有限公司,南京-玄武区,不限,本科,500-999人,民营,,2019-04-22 09:22:25,
java开发工程师,8K-15K,南京传众网络科技有限公司,南京-玄武区,3-5年,不限,20-99人,民营,五险一金/节日福利/餐补/交通补助,2019-04-24 09:55:29,
java中级开发工程师,8K-12K,南京正大天晴制药有限公司,南京,3-5年,大专,1000-9999人,合资,五险一金/周末双休/交通补助/免费班车/高温补贴,2019-04-24 08:31:26,
Java 后端开发工程师,12K-24K,南京神行信息科技有限公司,南京,3-5年,本科,20-99人,民营,周末双休/节日福利/餐补/员工旅游/股票期权,2019-04-22 07:11:16,
java开发/web前端软件开发工程师,3K-6K,南京新思软件设计有限公司,南京,不限,大专,100-499人,民营,五险一金/年底双薪/全勤奖/包住/绩效奖金,2019-04-24 16:50:49,
java开发工程师（南京）,6K-8K,江苏国泰新点软件有限公司,南京,不限,大专,1000-9999人,其它,,2019-04-24 16:04:43,
java开发工程师,15K-20K,珠海派诺科技股份有限公司,南京,5-10年,大专,500-999人,民营,节日福利/五险一金/交通补助/餐补/定期体检,2019-04-22 12:50:51,
南京-Java开发工程师,薪资面议,东方财富信息股份有限公司,南京-雨花台区,3-5年,本科,1000-9999人,上市公司,周末双休/节日福利/定期团建/五险一金,2019-04-24 17:56:02,
